CustomerID,Age,Gender,TotalPurchasesLast6Months,AvgOrderValue,BrowsingTime,DiscountUsage,CustomerSupportInteractions,DaysSinceLastPurchase,EmailClicksLastMonth,AppSessionsLastWeek,WillReturn
1,49,Female,1,4319.21,536.0,7.0,7,73,23,28,1
2,29,Female,44,2235.14,545.0,5.0,1,25,5,21,1
3,35,Male,40,789.0,232.0,8.0,9,28,45,2,1
4,24,Male,32,6868.02,183.0,29.0,8,44,6,10,1
5,41,Male,23,6713.88,484.0,10.0,0,67,27,12,1
6,29,Female,15,3762.63,86.0,19.0,4,65,24,7,0
7,27,Male,48,4897.45,42.0,17.0,7,2,5,26,1
8,31,Female,51,1172.61,55.0,20.0,9,85,6,22,1
9,58,Male,58,629.98,351.0,9.0,2,88,19,20,1
10,22,Male,52,1091.56,289.0,11.0,3,17,21,8,1
11,58,Female,10,3831.36,560.0,,7,86,4,26,1
12,46,Female,7,2229.85,501.0,11.0,9,35,47,23,1
13,18,Female,9,6090.68,240.0,10.0,0,44,36,14,1
14,64,Female,171,2722.37,530.0,28.0,9,89,20,29,1
15,23,Female,32,6283.07,178.0,23.0,8,80,19,26,1
16,30,Female,28,1991.86,300.0,4.0,9,26,39,8,1
17,47,Female,42,6171.78,217.0,11.0,4,28,16,17,1
18,58,Male,45,5312.95,357.0,,6,40,7,13,1
19,37,Male,29,6492.21,347.0,4.0,1,63,32,8,1
20,26,Male,0,3510.26,183.0,17.0,4,11,13,7,0
21,47,Male,57,2323.87,522.0,20.0,3,26,19,21,1
22,52,Female,29,4132.62,177.0,14.0,2,49,37,19,1
23,62,Male,14,1452.1,536.0,19.0,4,66,1,4,1
24,26,Female,31,2789.14,113.0,0.0,2,13,2,25,1
25,37,Female,11,3574.73,74.0,26.0,9,6,41,19,0
26,28,Female,52,4732.11,517.0,19.0,0,46,39,7,1
27,30,Female,18,4498.39,408.0,16.0,0,49,16,13,1
28,49,Female,21,2855.47,140.0,29.0,9,27,27,0,0
29,61,Female,10,74.78,468.0,5.0,0,77,3,28,1
30,41,Male,33,1324.01,138.0,27.0,1,10,30,24,1
31,18,Female,37,4217.44,55.0,23.0,9,1,1,28,1
32,59,Female,55,1532.75,484.0,3.0,8,74,35,27,1
33,27,Male,18,5934.28,455.0,15.0,5,74,18,2,1
34,26,Female,9,5122.0,441.0,22.0,8,82,28,17,1
35,54,Female,2,1171.54,254.0,19.0,2,1,48,2,1
36,37,Female,48,3396.16,540.0,21.0,1,51,39,9,1
37,53,Male,33,3721.25,553.0,3.0,1,11,40,23,1
38,46,Male,28,2882.69,465.0,25.0,2,64,11,0,1
39,25,Female,21,2117.82,197.0,,4,24,29,7,0
40,28,Female,12,4479.99,41.0,13.0,9,75,2,20,1
41,57,Female,13,2168.59,489.0,6.0,5,89,28,14,0
42,56,Male,10,3110.07,488.0,29.0,1,78,40,27,1
43,64,Male,43,2068.24,118.0,15.0,5,42,13,16,1
44,27,Male,54,5208.07,383.0,0.0,0,71,9,22,1
45,36,Male,3,6395.79,304.0,17.0,2,43,17,21,1
46,25,Male,25,5071.81,336.0,1.0,8,26,28,10,1
47,57,Female,46,1611.87,397.0,14.0,4,5,16,7,1
48,33,Male,58,5272.03,300.0,,1,4,26,25,1
49,62,Female,25,465.69,471.0,23.0,5,44,23,5,0
50,18,Female,2,1093.6,488.0,14.0,2,11,11,28,1
51,60,Female,7,6372.9,484.0,26.0,4,11,7,5,1
52,30,Female,6,3884.03,398.0,4.0,3,40,3,3,0
53,35,Female,10,3087.7,248.0,13.0,4,2,20,0,0
54,29,Male,9,5482.61,149.0,,3,36,17,3,1
55,33,Female,53,6319.54,361.0,26.0,4,5,11,29,1
56,51,Female,40,1879.48,535.0,28.0,7,12,40,13,1
57,47,Female,20,,388.0,25.0,3,12,11,13,1
58,42,Female,24,5043.95,509.0,24.0,4,7,49,0,1
59,54,Female,56,524.74,340.0,27.0,5,50,13,20,1
60,37,Male,55,4356.39,278.0,1.0,4,77,48,8,1
61,53,Male,10,1400.84,118.0,0.0,1,59,24,18,1
62,48,Female,15,2023.92,484.0,2.0,2,22,45,15,1
63,28,Female,38,5896.08,122.0,13.0,0,70,2,17,1
64,57,Female,11,2182.88,589.0,2.0,9,85,26,7,1
65,38,Male,49,1771.17,188.0,6.0,3,4,25,16,1
66,45,Female,31,3332.55,404.0,19.0,7,78,16,2,1
67,26,Male,42,3633.37,268.0,25.0,1,62,40,28,1
68,40,Male,12,3332.07,,12.0,6,55,19,17,0
69,44,Female,26,467.51,236.0,14.0,9,46,45,10,1
70,41,Male,26,5062.53,549.0,8.0,3,48,40,23,1
71,64,Female,21,3229.83,390.0,19.0,0,87,17,12,1
72,55,Male,44,5960.88,69.0,7.0,4,87,31,13,1
73,40,Male,18,5309.42,349.0,,1,81,11,16,1
74,27,Male,7,6222.78,578.0,14.0,4,4,35,10,1
75,63,Female,12,6455.62,221.0,22.0,0,61,9,24,1
76,20,Male,57,4899.04,414.0,26.0,4,39,41,4,1
77,36,Female,20,177.55,126.0,12.0,6,4,36,3,0
78,46,Male,46,1031.2,148.0,8.0,7,31,41,25,1
79,29,Female,52,6173.42,560.0,11.0,0,76,36,17,1
80,28,Female,53,4557.65,337.0,10.0,6,72,4,17,1
81,48,Male,0,6630.98,473.0,23.0,6,89,9,6,1
82,53,Female,36,3455.75,560.0,25.0,7,27,7,19,1
83,46,Male,32,4211.86,579.0,,3,24,6,10,1
84,21,Female,11,3894.77,312.0,18.0,6,50,32,18,0
85,37,Male,2,6495.74,389.0,14.0,8,84,41,21,1
86,38,Female,20,1259.28,260.0,16.0,7,39,33,9,0
87,32,Male,25,3124.62,130.0,16.0,4,2,2,17,0
88,23,Female,13,6477.4,98.0,9.0,5,56,40,0,1
89,23,Male,58,4219.8,255.0,4.0,6,3,38,19,1
90,24,Male,35,5827.47,170.0,3.0,3,68,27,2,1
91,42,Female,5,1966.64,243.0,18.0,6,9,46,29,0
92,57,Male,36,1344.31,207.0,6.0,6,18,28,22,1
93,55,Female,57,3050.96,217.0,11.0,0,81,39,3,1
94,64,Female,38,2114.03,270.0,18.0,8,62,0,1,1
95,25,Female,49,6080.13,31.0,17.0,9,29,17,14,1
96,55,Male,45,3518.89,568.0,11.0,4,23,39,26,1
97,22,Male,17,4547.38,47.0,3.0,3,9,25,25,1
98,41,Male,16,4171.93,410.0,4.0,7,45,2,3,1
99,53,Male,58,4212.81,248.0,4.0,0,79,32,13,1
100,33,Male,20,6581.09,417.0,0.0,3,5,28,8,1
101,52,Male,37,512.98,108.0,1.0,9,12,25,14,1
102,21,Male,25,2705.36,,28.0,3,70,4,14,0
103,36,Male,31,1318.46,53.0,10.0,8,38,14,23,1
104,31,Female,56,856.32,27.0,24.0,2,39,26,14,1
105,64,Male,16,6738.36,131.0,13.0,4,87,1,2,1
106,21,Female,49,1283.21,464.0,14.0,7,35,15,20,1
107,64,Male,33,5776.99,277.0,7.0,8,70,46,7,1
108,55,Female,6,453.93,520.0,23.0,6,87,22,17,1
109,47,Female,20,4704.38,558.0,23.0,1,15,38,1,1
110,40,Male,50,6057.06,81.0,28.0,6,26,48,1,1
111,39,Male,13,5541.63,163.0,2.0,3,78,19,14,1
112,39,Male,46,328.72,73.0,27.0,3,72,17,12,1
113,35,Male,27,5269.95,121.0,0.0,3,33,29,15,1
114,41,Male,10,4778.12,597.0,18.0,0,83,12,12,1
115,61,Female,59,1968.93,482.0,21.0,8,21,47,3,1
116,48,Female,52,5220.71,105.0,17.0,6,1,10,19,1
117,54,Female,49,8355.28,372.0,3.0,6,2,27,21,1
118,25,Male,42,4638.67,145.0,29.0,1,76,39,12,1
119,38,Male,0,2589.79,400.0,25.0,7,68,37,21,0
120,45,Female,14,5886.38,240.0,27.0,1,80,45,23,1
121,29,Female,6,2521.37,511.0,0.0,5,11,48,20,1
122,23,Male,37,5378.07,12.0,1.0,7,41,42,20,1
123,40,Male,5,,385.0,20.0,6,16,25,21,0
124,43,Male,47,3186.44,595.0,28.0,8,76,26,28,1
125,36,Male,46,4531.83,300.0,28.0,3,7,47,8,1
126,31,Female,35,4603.94,414.0,4.0,9,25,3,4,1
127,56,Male,5,1878.24,347.0,22.0,7,13,47,18,0
128,21,Male,6,1359.75,471.0,23.0,3,56,26,14,0
129,32,Male,59,2993.47,118.0,13.0,1,58,34,9,1
130,41,Female,55,647.2,205.0,10.0,6,73,43,4,1
131,31,Male,10,4885.25,333.0,12.0,6,72,43,14,1
132,42,Female,4,3028.71,289.0,28.0,7,78,11,24,0
133,38,Female,50,6931.73,384.0,1.0,7,7,18,5,1
134,18,Male,4,476.82,194.0,8.0,4,3,22,0,0
135,47,Female,44,6842.73,445.0,10.0,3,41,3,2,1
136,29,Male,24,6277.11,265.0,14.0,9,49,36,24,1
137,58,Male,23,3203.29,106.0,15.0,6,87,15,12,0
138,45,Male,29,6899.99,390.0,15.0,1,27,14,19,1
139,63,Female,15,5058.85,498.0,14.0,5,47,10,15,1
140,51,Female,49,445.06,489.0,7.0,5,28,27,17,1
141,42,Male,34,6634.18,552.0,8.0,9,69,14,3,1
142,54,Male,4,5224.58,160.0,29.0,9,29,40,10,1
143,56,Female,23,3331.84,440.0,25.0,2,25,30,16,1
144,27,Male,55,5746.86,,4.0,2,40,37,7,1
145,21,Female,53,2996.87,454.0,23.0,6,20,47,2,1
146,61,Male,22,441.5,252.0,7.0,4,23,17,5,0
147,19,Male,49,1631.33,473.0,7.0,4,69,29,2,1
148,33,Female,19,688.55,113.0,1.0,6,77,38,20,0
149,22,Male,5,6117.12,554.0,4.0,1,50,14,28,1
150,22,Female,33,517.87,519.0,0.0,2,34,32,25,1
151,54,Female,59,5330.27,85.0,15.0,4,78,47,16,1
152,36,Female,53,1378.07,180.0,0.0,4,51,27,25,1
153,32,Male,33,4185.95,445.0,5.0,0,72,30,6,1
154,46,Male,42,9037.2,74.0,29.0,0,66,44,20,1
155,35,Male,2,1374.08,281.0,8.0,4,69,25,5,0
156,41,Male,21,1536.59,143.0,25.0,9,6,48,26,0
157,64,Male,26,5671.13,320.0,29.0,8,49,49,20,1
158,34,Female,36,4869.42,117.0,12.0,8,27,34,22,1
159,24,Male,37,6400.84,78.0,3.0,5,55,39,23,1
160,25,Female,31,6601.39,245.0,2.0,0,0,8,6,1
161,38,Female,49,1407.59,528.0,23.0,6,45,20,7,1
162,28,Female,50,4531.45,512.0,27.0,9,45,8,24,1
163,60,Female,25,6426.55,92.0,22.0,6,84,19,24,1
164,50,Female,29,5622.87,180.0,14.0,1,17,33,6,1
165,61,Male,48,1561.82,35.0,13.0,6,83,24,13,1
166,57,Male,11,3787.33,,24.0,2,68,25,26,1
167,63,Female,2,4819.88,311.0,,3,13,5,10,1
168,41,Female,20,1249.82,313.0,4.0,1,12,30,25,1
169,40,Male,23,4504.65,410.0,26.0,0,10,25,9,1
170,39,Female,52,2053.29,245.0,28.0,7,39,5,14,1
171,44,Male,58,1037.21,45.0,19.0,8,62,31,17,1
172,30,Female,38,4793.06,53.0,13.0,1,29,42,3,1
173,20,Male,20,3960.61,135.0,16.0,9,78,43,2,0
174,58,Male,19,4314.21,111.0,23.0,4,31,25,29,1
175,35,Male,4,4702.44,426.0,2.0,0,29,45,18,1
176,19,Male,31,1503.66,329.0,11.0,5,59,38,14,1
177,43,Male,45,3930.25,492.0,10.0,8,54,6,27,1
178,20,Female,38,,442.0,27.0,8,4,1,18,1
179,34,Female,35,2903.72,177.0,10.0,4,72,26,4,1
180,20,Female,42,2697.4,540.0,17.0,3,17,40,4,1
181,42,Female,35,4235.35,200.0,21.0,7,35,24,12,1
182,33,Female,7,1047.94,489.0,23.0,9,56,32,11,0
183,47,Male,38,279.67,157.0,21.0,7,81,6,26,1
184,24,Female,37,5384.4,254.0,23.0,2,60,43,8,1
185,46,Male,37,3357.96,74.0,20.0,0,30,38,21,1
186,60,Male,41,1803.4,546.0,19.0,2,44,33,17,1
187,40,Female,7,,365.0,26.0,8,81,5,10,1
188,38,Male,42,4734.91,473.0,13.0,6,17,0,0,1
189,43,Female,19,3438.81,175.0,25.0,2,5,7,12,1
190,51,Male,48,4487.09,481.0,23.0,6,3,21,7,1
191,64,Male,24,,252.0,25.0,1,80,31,15,1
192,25,Male,23,734.26,133.0,24.0,2,29,19,14,1
193,26,Female,1,135.95,393.0,,8,9,14,21,0
194,34,Male,8,6406.03,42.0,23.0,5,51,45,28,1
195,47,Male,22,5799.19,315.0,9.0,3,76,48,0,1
196,18,Male,39,4285.26,161.0,27.0,1,12,7,2,1
197,62,Female,7,,585.0,2.0,0,41,22,13,1
198,58,Female,40,6384.96,176.0,6.0,0,69,32,28,1
199,57,Male,8,927.88,586.0,17.0,3,55,37,11,1
200,34,Female,8,679.38,351.0,5.0,9,19,36,20,0
201,56,Female,49,6171.18,49.0,28.0,8,19,30,1,1
202,63,Male,20,1687.94,557.0,29.0,4,1,4,27,1
203,57,Female,16,4162.41,560.0,,6,25,49,4,1
204,57,Male,10,6097.42,126.0,26.0,6,64,11,0,1
205,53,Male,47,803.36,535.0,24.0,3,2,49,9,1
206,43,Male,57,6606.92,446.0,0.0,5,85,18,5,1
207,49,Male,21,4596.21,301.0,11.0,3,78,17,21,1
208,29,Male,26,3944.98,35.0,9.0,4,1,36,19,1
209,26,Male,46,68.07,524.0,19.0,7,12,23,4,1
210,29,Female,4,703.99,298.0,21.0,2,8,4,1,1
211,30,Male,2,450.33,383.0,25.0,2,81,23,10,1
212,33,Female,3,12595.82,16.0,28.0,5,49,21,10,1
213,40,Female,8,5251.65,121.0,15.0,1,87,31,5,1
214,55,Female,33,6986.71,,29.0,2,25,0,3,1
215,20,Female,18,1458.63,376.0,17.0,7,14,47,11,0
216,56,Male,5,1908.06,468.0,18.0,7,40,3,23,0
217,60,Female,10,4834.58,445.0,,1,88,15,29,1
218,19,Male,2,483.7,189.0,8.0,0,35,1,28,1
219,52,Female,39,4760.27,471.0,22.0,7,3,39,14,1
220,55,Female,26,3601.28,54.0,13.0,6,60,10,2,1
221,53,Male,28,5891.52,38.0,26.0,0,76,6,2,1
222,60,Male,27,5566.4,416.0,18.0,3,70,35,26,1
223,55,Male,51,468.92,559.0,29.0,9,75,46,9,1
224,62,Male,11,2969.25,163.0,5.0,6,29,2,14,0
225,62,Male,141,3879.91,562.0,4.0,7,63,20,28,1
226,49,Female,4,4299.89,495.0,18.0,2,59,44,14,1
227,33,Male,3,3897.79,36.0,10.0,0,18,22,10,1
228,39,Male,8,,105.0,,0,71,21,21,1
229,21,Female,45,3529.02,104.0,15.0,4,41,3,23,1
230,27,Male,1,4556.37,328.0,7.0,5,28,10,29,1
231,47,Female,24,5881.57,463.0,4.0,7,53,39,26,1
232,48,Female,21,2485.58,246.0,28.0,0,74,27,26,1
233,53,Male,21,2206.15,337.0,11.0,3,24,15,21,0
234,58,Male,42,3490.4,491.0,15.0,1,81,27,11,1
235,42,Male,59,6568.1,327.0,1.0,6,42,44,26,1
236,48,Male,7,1927.04,24.0,17.0,2,29,17,6,1
237,57,Male,1,1181.66,533.0,18.0,4,3,21,13,1
238,40,Female,12,2247.55,303.0,29.0,7,41,41,13,0
239,35,Male,14,783.02,19.0,1.0,5,86,32,10,0
240,22,Male,8,4169.06,376.0,8.0,1,27,6,13,1
241,35,Female,3,4787.4,,11.0,5,67,44,8,1
242,36,Male,59,1583.13,452.0,15.0,3,33,36,20,1
243,37,Female,36,1948.5,414.0,4.0,9,7,3,17,1
244,36,Female,35,6308.87,233.0,0.0,3,64,8,8,1
245,25,Male,39,4906.61,283.0,22.0,4,40,21,26,1
246,21,Female,28,3820.3,112.0,0.0,2,53,49,7,1
247,52,Male,0,220.41,244.0,14.0,2,9,45,13,1
248,30,Female,34,4619.87,16.0,7.0,4,43,25,29,1
249,48,Male,33,5032.72,86.0,19.0,9,58,4,11,1
250,38,Female,37,3314.45,556.0,13.0,3,55,40,18,1
251,23,Male,48,1673.64,180.0,23.0,6,66,13,20,1
252,27,Female,11,5490.5,526.0,5.0,2,33,39,22,1
253,52,Female,29,1806.4,299.0,,1,9,6,8,1
254,23,Female,51,788.86,159.0,5.0,0,41,5,5,1
255,43,Female,58,2563.34,82.0,25.0,2,17,23,16,1
256,32,Male,21,6129.68,541.0,28.0,6,7,48,26,1
257,46,Female,31,6895.88,,17.0,0,0,47,6,1
258,28,Female,24,821.2,258.0,18.0,0,55,9,5,1
259,29,Female,42,253.49,557.0,8.0,6,34,39,7,1
260,51,Female,56,5052.27,488.0,2.0,3,45,36,28,1
261,27,Female,13,5567.29,39.0,25.0,3,58,49,1,1
262,61,Male,14,4651.39,15.0,7.0,8,88,47,22,1
263,38,Male,10,3633.61,373.0,28.0,6,17,49,17,0
264,36,Male,33,4150.95,455.0,9.0,8,51,38,12,1
265,48,Male,23,5997.79,142.0,,3,24,13,1,1
266,21,Female,11,1453.74,103.0,2.0,8,31,5,8,0
267,64,Female,60,3907.82,183.0,21.0,7,64,7,27,0
268,47,Female,3,4625.01,437.0,28.0,9,83,6,23,1
269,45,Female,0,1420.99,288.0,13.0,6,20,15,23,0
270,35,Male,32,6331.8,536.0,5.0,1,6,20,24,1
271,25,Female,17,2758.44,295.0,4.0,5,18,4,16,0
272,43,Female,35,3530.43,264.0,4.0,7,87,2,16,1
273,64,Male,3,1670.35,15.0,13.0,2,6,39,21,1
274,48,Female,57,2753.71,113.0,4.0,1,50,15,19,1
275,56,Male,32,6740.01,503.0,6.0,3,84,24,19,1
276,39,Male,34,290.47,466.0,13.0,4,75,22,8,1
277,47,Male,23,,599.0,23.0,9,39,23,8,1
278,24,Female,23,2963.75,157.0,19.0,8,20,2,3,0
279,24,Female,48,4630.23,454.0,17.0,4,37,14,24,1
280,29,Male,16,5241.64,,15.0,0,86,39,2,1
281,51,Female,26,6092.0,420.0,29.0,5,78,6,13,1
282,62,Female,37,3425.15,123.0,11.0,0,1,34,12,1
283,52,Male,38,688.08,538.0,23.0,4,33,12,9,1
284,57,Female,32,3345.41,,27.0,8,78,31,15,1
285,50,Male,27,1261.47,307.0,25.0,2,3,15,24,1
286,41,Male,4,4328.94,162.0,15.0,3,70,18,12,1
287,32,Male,15,2456.54,25.0,14.0,6,34,35,16,0
288,39,Male,36,1480.99,142.0,10.0,6,12,22,17,1
289,44,Female,10,3660.08,429.0,4.0,1,61,28,9,1
290,32,Male,2,366.35,179.0,11.0,6,57,46,14,0
291,38,Male,53,3535.52,190.0,18.0,9,40,28,10,1
292,19,Male,35,780.48,48.0,23.0,7,51,19,14,1
293,24,Female,3,3364.25,296.0,23.0,2,76,49,15,1
294,43,Male,47,5256.3,577.0,20.0,5,28,9,27,1
295,63,Male,25,5488.67,472.0,13.0,0,86,8,20,1
296,50,Female,34,6631.62,144.0,5.0,2,73,45,14,1
297,50,Female,41,3440.17,451.0,0.0,6,86,6,7,1
298,49,Male,21,568.12,251.0,29.0,4,18,37,14,0
299,59,Female,46,3226.67,496.0,25.0,1,53,14,28,1
300,60,Male,15,4754.36,338.0,18.0,6,7,8,14,1
301,33,Female,20,181.3,465.0,6.0,0,60,9,17,1
302,41,Male,27,,568.0,25.0,2,35,45,27,1
303,40,Male,10,5159.98,465.0,12.0,6,16,28,7,1
304,64,Female,19,4081.35,314.0,29.0,2,18,46,18,1
305,48,Male,7,5650.83,579.0,27.0,4,28,28,10,1
306,64,Male,40,952.37,361.0,24.0,0,83,31,23,1
307,57,Male,8,5571.16,291.0,18.0,5,65,42,26,1
308,25,Female,14,918.8,483.0,8.0,9,25,37,18,0
309,42,Female,0,2882.04,35.0,22.0,2,84,48,17,1
310,59,Female,27,6469.09,143.0,19.0,5,62,42,17,1
311,54,Male,15,6102.96,418.0,4.0,9,0,46,14,1
312,49,Female,2,5236.99,112.0,25.0,4,36,8,7,1
313,34,Male,20,3397.4,23.0,1.0,8,9,27,16,0
314,41,Female,22,6208.98,275.0,0.0,8,43,31,19,1
315,40,Female,28,6583.54,261.0,13.0,2,76,42,24,1
316,50,Male,6,2594.54,76.0,0.0,0,19,4,7,1
317,21,Female,27,1660.58,593.0,17.0,3,89,49,14,1
318,30,Female,36,11789.2,570.0,22.0,1,15,40,4,1
319,25,Male,174,6375.9,445.0,8.0,1,54,38,28,1
320,27,Female,4,4497.86,454.0,7.0,3,29,7,24,1
321,41,Female,0,12167.36,407.0,2.0,8,0,14,22,1
322,49,Male,2,3216.25,55.0,2.0,7,23,34,3,0
323,57,Male,32,154.49,163.0,14.0,0,21,11,3,1
324,57,Male,53,3945.07,118.0,,7,64,40,28,1
325,18,Male,56,6341.58,29.0,29.0,9,73,39,3,1
326,42,Male,40,4510.85,241.0,13.0,5,43,41,9,1
327,30,Male,13,4399.06,190.0,15.0,8,21,26,23,1
328,47,Female,12,2777.68,136.0,23.0,2,36,46,8,1
329,37,Female,26,5584.92,444.0,6.0,4,71,27,17,1
330,49,Female,13,3672.09,374.0,25.0,3,78,41,21,0
331,22,Male,17,4700.21,105.0,27.0,8,39,42,5,1
332,23,Male,16,1412.53,446.0,8.0,2,73,19,12,1
333,63,Male,17,179.87,415.0,,3,59,0,23,0
334,25,Female,51,4531.65,534.0,24.0,3,64,24,13,1
335,58,Male,8,4558.33,463.0,19.0,2,50,47,7,1
336,27,Male,8,6902.92,,4.0,5,78,28,27,1
337,40,Male,36,4749.14,90.0,9.0,9,51,41,11,1
338,32,Female,30,1574.99,233.0,23.0,4,4,30,24,1
339,51,Male,45,6110.38,547.0,8.0,5,76,28,6,1
340,56,Female,58,5977.36,518.0,12.0,8,0,26,4,1
341,43,Male,35,2816.19,387.0,8.0,2,22,6,13,1
342,58,Female,48,5410.44,266.0,28.0,1,3,13,8,1
343,35,Female,5,3872.75,560.0,23.0,6,43,45,16,1
344,62,Female,33,4898.68,66.0,7.0,1,61,2,11,1
345,50,Male,37,3150.35,412.0,4.0,9,14,27,5,1
346,37,Female,29,357.82,83.0,17.0,8,49,48,19,1
347,51,Male,33,1630.73,536.0,0.0,7,86,44,15,1
348,57,Female,46,763.95,202.0,5.0,3,6,22,18,1
349,58,Female,28,1347.94,531.0,28.0,8,68,17,17,1
350,45,Female,23,5217.49,472.0,11.0,1,30,14,29,1
351,31,Male,21,2652.09,404.0,2.0,6,83,28,7,0
352,24,Male,57,6733.01,130.0,29.0,8,83,33,12,1
353,33,Female,22,6484.14,155.0,1.0,2,21,10,14,1
354,46,Male,25,,438.0,14.0,6,83,7,19,0
355,36,Male,18,4676.09,111.0,9.0,2,30,37,7,1
356,48,Female,47,2593.05,380.0,22.0,1,21,47,17,1
357,19,Female,11,3599.32,466.0,2.0,6,58,3,6,0
358,58,Female,50,5503.76,563.0,21.0,1,7,20,25,1
359,62,Female,4,1851.11,300.0,21.0,8,24,0,0,0
360,36,Male,15,2919.96,275.0,5.0,5,7,4,24,0
361,52,Male,30,5908.85,524.0,13.0,1,77,21,4,1
362,23,Male,28,4463.76,422.0,8.0,2,66,45,21,1
363,64,Female,8,1219.59,276.0,1.0,0,45,48,17,1
364,37,Female,40,3054.87,,11.0,2,4,40,16,1
365,45,Male,41,4111.69,223.0,9.0,6,16,27,15,1
366,44,Female,58,,184.0,1.0,8,17,6,29,1
367,38,Female,29,5031.4,235.0,5.0,9,85,5,21,1
368,41,Male,37,5867.52,109.0,,6,89,14,4,1
369,38,Male,55,6591.87,249.0,6.0,6,20,17,24,1
370,35,Female,11,6414.91,599.0,28.0,0,24,6,27,1
371,18,Male,5,6124.73,538.0,10.0,4,84,34,10,1
372,62,Female,32,6406.98,74.0,28.0,1,14,30,0,1
373,22,Male,9,2535.69,235.0,4.0,1,45,32,27,1
374,28,Male,11,6886.31,514.0,13.0,4,28,36,0,1
375,36,Female,12,5744.26,,19.0,7,4,34,3,1
376,55,Female,39,4167.74,213.0,17.0,8,55,17,11,1
377,47,Female,28,1201.31,407.0,19.0,6,0,17,18,1
378,27,Female,54,2927.38,427.0,6.0,1,77,34,10,1
379,23,Female,44,1628.38,581.0,22.0,4,48,30,19,1
380,55,Male,13,3238.12,325.0,25.0,1,55,40,9,1
381,53,Female,56,327.22,486.0,2.0,6,76,48,0,1
382,33,Male,18,5583.27,65.0,,2,3,25,3,1
383,58,Male,36,5221.47,573.0,13.0,4,89,48,28,1
384,60,Female,55,591.0,528.0,14.0,3,43,38,17,1
385,25,Male,15,2562.49,166.0,12.0,7,7,38,28,0
386,55,Male,10,6707.36,222.0,1.0,7,25,6,8,1
387,64,Female,49,4921.27,540.0,18.0,1,52,0,20,1
388,25,Male,40,5157.54,564.0,8.0,3,38,29,21,1
389,45,Female,3,634.09,131.0,16.0,6,52,49,14,0
390,51,Female,0,4269.9,504.0,22.0,0,13,22,9,1
391,54,Female,50,3870.95,386.0,12.0,1,26,31,0,1
392,61,Female,13,12499.64,126.0,24.0,9,32,7,13,1
393,45,Male,45,5891.29,408.0,26.0,6,65,40,27,1
394,20,Female,20,261.28,434.0,9.0,5,71,0,17,0
395,21,Female,6,10569.22,248.0,2.0,0,21,39,24,1
396,24,Male,27,5401.69,290.0,15.0,5,41,41,11,1
397,59,Male,37,1476.51,253.0,5.0,5,55,0,5,1
398,21,Female,48,4448.96,598.0,15.0,3,65,14,1,1
399,26,Female,13,3173.99,146.0,13.0,8,74,23,0,0
400,42,Female,31,2065.73,210.0,23.0,7,23,37,6,1
401,21,Male,7,6602.54,370.0,24.0,7,59,7,21,1
402,29,Female,35,381.49,290.0,14.0,4,84,28,15,1
403,23,Male,49,6418.14,288.0,26.0,4,62,6,13,1
404,62,Female,38,2158.8,575.0,14.0,9,71,42,21,1
405,46,Male,21,3631.71,578.0,7.0,0,82,13,11,1
406,38,Female,153,5454.16,164.0,8.0,3,13,25,23,1
407,59,Female,40,3308.14,256.0,1.0,6,86,0,12,1
408,33,Female,41,1362.98,58.0,,3,28,38,3,1
409,27,Female,38,6925.34,222.0,23.0,8,53,9,10,1
410,23,Male,22,5545.96,249.0,25.0,7,43,28,8,1
411,51,Female,21,3212.81,42.0,14.0,3,16,6,15,0
412,45,Male,54,4691.62,386.0,18.0,7,40,17,12,1
413,63,Female,17,5354.08,569.0,5.0,5,79,36,14,1
414,56,Male,14,1378.03,352.0,14.0,6,56,9,1,0
415,33,Female,27,4794.21,567.0,20.0,2,26,0,3,1
416,60,Male,53,2303.36,267.0,16.0,3,76,14,13,1
417,26,Female,15,5358.16,298.0,14.0,7,33,23,4,1
418,21,Male,48,3987.9,179.0,10.0,6,31,12,29,1
419,42,Male,13,4938.87,174.0,2.0,7,9,44,16,1
420,26,Female,4,1708.35,390.0,8.0,7,29,20,15,0
421,59,Female,24,6365.55,95.0,5.0,4,17,11,4,1
422,42,Male,47,3550.32,453.0,3.0,0,21,34,5,1
423,47,Male,14,5485.44,482.0,11.0,5,19,23,23,0
424,46,Male,28,4462.52,419.0,12.0,3,83,14,29,1
425,49,Male,26,4663.5,27.0,23.0,9,58,13,25,1
426,61,Male,0,6740.19,147.0,15.0,1,36,9,20,1
427,23,Female,8,10970.18,487.0,4.0,9,49,24,18,1
428,60,Female,40,4121.53,512.0,1.0,7,85,9,20,1
429,20,Female,55,3659.42,318.0,15.0,8,42,14,9,1
430,36,Male,55,9758.04,477.0,22.0,4,38,29,13,1
431,20,Female,50,4669.3,308.0,1.0,7,78,31,10,1
432,42,Male,12,6587.78,292.0,11.0,0,69,7,10,1
433,32,Male,35,2895.67,49.0,15.0,0,61,43,19,1
434,32,Female,42,3357.03,208.0,19.0,8,46,35,12,1
435,64,Male,14,5770.22,466.0,18.0,6,5,35,17,1
436,32,Male,16,831.64,489.0,26.0,0,78,16,28,1
437,45,Male,0,5785.97,203.0,23.0,0,65,45,29,1
438,22,Male,51,2188.68,359.0,21.0,7,82,13,18,1
439,39,Male,4,948.14,103.0,27.0,3,8,24,16,0
440,56,Female,51,3095.22,474.0,7.0,6,13,45,15,1
441,60,Male,34,873.68,8.0,19.0,0,71,42,11,1
442,48,Male,45,2786.53,234.0,,4,71,17,18,1
443,42,Female,59,1430.66,174.0,25.0,4,46,14,2,1
444,33,Female,27,6691.04,162.0,10.0,1,58,49,18,1
445,19,Female,50,1545.85,92.0,18.0,6,85,12,12,1
446,47,Male,28,2323.77,548.0,,3,82,13,0,1
447,64,Female,3,3933.1,419.0,14.0,2,7,28,20,1
448,55,Male,38,1883.56,215.0,17.0,4,61,12,16,1
449,41,Male,42,6073.67,462.0,27.0,9,13,27,23,1
450,20,Female,36,1224.74,30.0,11.0,4,76,38,1,1
451,34,Male,40,260.75,508.0,1.0,4,72,30,13,1
452,43,Male,27,1910.02,144.0,,9,29,7,17,1
453,53,Male,54,3206.78,100.0,6.0,4,18,7,24,1
454,48,Male,16,4193.41,,8.0,1,33,34,14,1
455,59,Male,20,6160.01,67.0,22.0,6,16,37,12,1
456,26,Male,28,6040.09,83.0,20.0,6,76,2,11,1
457,63,Female,19,974.92,546.0,,7,82,41,13,1
458,44,Male,50,245.98,343.0,4.0,9,47,4,0,1
459,41,Male,48,5820.1,280.0,27.0,7,1,18,28,1
460,19,Male,43,837.28,420.0,17.0,9,71,7,12,1
461,43,Male,15,374.15,260.0,1.0,4,64,36,3,0
462,24,Female,42,5109.85,145.0,4.0,5,12,39,29,1
463,51,Female,11,2165.35,499.0,0.0,8,15,18,9,0
464,46,Male,22,3612.97,17.0,22.0,4,25,19,11,0
465,34,Male,11,3398.24,303.0,2.0,5,55,7,17,0
466,49,Male,33,714.44,318.0,28.0,4,74,38,11,1
467,59,Female,5,651.55,112.0,17.0,5,35,30,8,0
468,29,Male,12,,255.0,17.0,3,45,47,19,0
469,40,Male,27,3555.44,448.0,18.0,6,11,45,5,1
470,33,Female,18,,597.0,11.0,3,37,32,5,1
471,49,Male,49,4260.85,343.0,21.0,9,6,12,28,1
472,45,Female,59,,458.0,29.0,4,1,22,12,1
473,37,Male,0,5558.71,132.0,1.0,6,6,22,24,1
474,23,Male,1,3812.2,44.0,5.0,8,65,4,8,0
475,19,Female,2,4279.58,392.0,24.0,2,52,25,26,1
476,31,Male,41,2146.73,317.0,0.0,8,47,49,16,1
477,41,Female,47,5939.31,336.0,17.0,4,58,9,25,1
478,46,Female,48,3505.81,332.0,7.0,3,83,8,12,1
479,24,Female,29,994.25,96.0,8.0,3,22,20,2,1
480,23,Female,42,6228.73,506.0,2.0,2,73,21,15,1
481,21,Male,37,5915.58,466.0,7.0,2,22,29,25,1
482,59,Female,10,6678.53,165.0,25.0,8,24,17,15,1
483,30,Female,21,1546.29,51.0,4.0,8,14,21,14,0
484,44,Female,40,,290.0,26.0,0,85,26,22,1
485,50,Male,26,2043.85,198.0,,5,35,17,24,1
486,41,Female,20,1981.67,186.0,3.0,4,43,6,27,0
487,28,Male,52,3905.18,30.0,18.0,7,37,0,1,1
488,53,Male,20,2806.03,,1.0,0,87,1,10,1
489,58,Female,37,6588.73,80.0,2.0,9,72,8,3,1
490,51,Female,3,4905.78,597.0,12.0,8,62,43,16,1
491,18,Male,26,4419.5,562.0,4.0,7,89,33,2,1
492,49,Male,25,2009.19,55.0,27.0,7,68,23,11,0
493,21,Male,0,1866.41,396.0,12.0,2,68,11,27,1
494,42,Female,58,1166.45,,1.0,0,68,44,4,1
495,56,Male,39,4409.01,238.0,7.0,2,5,30,1,1
496,47,Male,34,12219.78,572.0,10.0,1,77,21,14,1
497,49,Female,9,6542.69,541.0,17.0,8,18,3,11,1
498,42,Male,4,6142.96,382.0,14.0,3,85,34,19,1
499,27,Female,6,1539.14,371.0,17.0,2,34,23,15,1
500,49,Male,11,3372.38,196.0,15.0,1,39,20,8,1
501,31,Male,49,4720.89,208.0,16.0,9,10,42,15,1
502,53,Female,13,6992.2,234.0,7.0,3,6,23,19,1
503,62,Female,45,219.69,206.0,20.0,6,29,39,6,1
504,20,Female,44,6194.49,363.0,3.0,7,46,4,5,1
505,35,Male,26,5441.93,,28.0,4,19,41,21,1
506,40,Male,58,6362.78,140.0,23.0,4,35,25,12,1
507,48,Male,41,1143.41,438.0,13.0,8,52,16,26,1
508,54,Female,59,1458.63,,4.0,2,72,1,20,1
509,40,Female,13,4059.12,260.0,14.0,6,21,14,10,1
510,51,Male,18,6456.25,95.0,22.0,6,46,42,27,1
511,58,Female,24,2307.59,93.0,25.0,6,20,25,25,0
512,56,Male,55,1575.5,449.0,24.0,4,62,2,21,1
513,46,Female,34,2667.39,53.0,15.0,5,58,1,19,1
514,22,Female,2,6191.87,41.0,23.0,4,54,13,5,1
515,62,Male,18,206.26,323.0,16.0,5,66,33,20,0
516,55,Female,8,1661.64,462.0,22.0,4,54,33,5,0
517,18,Male,53,4792.71,322.0,3.0,2,9,5,25,1
518,30,Male,52,4977.82,396.0,2.0,1,23,41,19,1
519,44,Female,39,2516.67,168.0,19.0,8,0,42,13,1
520,20,Male,20,2396.05,288.0,23.0,8,11,40,16,0
521,25,Female,21,1375.83,388.0,16.0,1,84,37,8,1
522,55,Male,1,5957.08,545.0,11.0,0,62,18,1,1
523,62,Female,14,6323.27,411.0,26.0,3,67,7,11,1
524,30,Female,22,2895.75,146.0,4.0,5,72,13,7,0
525,52,Male,18,3422.28,519.0,28.0,5,44,25,1,1
526,21,Male,53,5182.55,247.0,15.0,8,2,7,23,1
527,50,Male,10,619.25,565.0,27.0,4,10,40,7,1
528,45,Female,32,176.78,70.0,3.0,6,66,2,28,1
529,61,Male,32,615.53,264.0,8.0,2,41,31,1,1
530,25,Female,34,6794.06,465.0,11.0,7,52,20,3,1
531,60,Male,5,1412.61,414.0,23.0,2,11,2,10,1
532,20,Male,39,2351.5,119.0,28.0,2,32,22,22,1
533,27,Male,14,5867.79,292.0,11.0,9,13,39,2,1
534,23,Female,3,3336.63,551.0,21.0,8,68,23,8,1
535,44,Female,44,6932.26,167.0,15.0,3,63,24,3,1
536,20,Male,15,3262.19,220.0,16.0,0,40,32,25,1
537,40,Female,0,1887.29,127.0,20.0,2,8,14,20,1
538,45,Female,58,4367.98,,8.0,7,55,2,1,1
539,64,Female,150,4024.82,498.0,20.0,7,58,20,17,1
540,32,Male,14,143.7,498.0,6.0,8,56,36,22,0
541,28,Female,32,3275.35,472.0,24.0,7,8,0,18,1
542,21,Male,2,,31.0,22.0,1,17,42,17,1
543,48,Female,18,3874.65,141.0,17.0,0,33,24,6,1
544,54,Female,16,1636.08,137.0,19.0,6,77,37,17,0
545,59,Male,1,6870.39,453.0,9.0,3,74,11,1,1
546,36,Male,2,6962.72,287.0,23.0,3,87,43,19,1
547,55,Female,23,3208.5,514.0,8.0,8,50,1,12,1
548,63,Male,19,1215.84,106.0,20.0,4,67,39,11,0
549,36,Female,19,771.42,568.0,17.0,6,14,34,15,1
550,20,Male,6,1432.35,46.0,14.0,3,68,31,16,0
551,51,Male,47,6823.31,252.0,19.0,5,27,39,12,1
552,38,Female,18,5401.16,57.0,4.0,0,18,33,13,1
553,27,Female,48,364.04,533.0,28.0,4,47,46,5,1
554,41,Male,51,3738.56,187.0,3.0,4,2,25,4,1
555,58,Male,40,3573.36,,24.0,3,57,43,11,1
556,31,Male,45,3092.0,380.0,4.0,8,7,13,23,1
557,56,Male,29,1843.56,376.0,7.0,2,80,15,28,1
558,49,Male,52,3856.33,183.0,10.0,8,53,9,13,1
559,34,Female,6,2855.66,375.0,11.0,2,8,7,10,1
560,56,Male,42,1452.6,569.0,1.0,5,2,29,28,1
561,41,Female,36,6950.03,278.0,7.0,6,22,25,15,1
562,26,Male,57,5494.96,231.0,2.0,1,51,6,28,1
563,32,Female,37,5599.8,309.0,18.0,2,29,11,6,1
564,37,Female,21,2647.75,327.0,3.0,7,65,39,9,0
565,44,Female,2,1651.2,269.0,5.0,9,78,1,29,0
566,59,Female,12,71.56,225.0,,0,70,40,16,1
567,38,Female,43,4716.16,119.0,11.0,8,63,25,16,1
568,32,Male,3,1051.62,383.0,8.0,5,57,42,11,0
569,60,Male,21,2186.34,93.0,18.0,2,70,22,16,1
570,62,Male,59,4199.57,451.0,13.0,4,0,37,26,1
571,24,Male,25,6507.22,592.0,28.0,4,70,39,17,1
572,47,Male,12,5155.7,348.0,17.0,5,78,25,12,1
573,60,Male,4,,523.0,,6,84,7,23,1
574,40,Female,31,1348.82,97.0,8.0,9,85,34,19,1
575,21,Male,34,4857.73,132.0,14.0,8,76,38,18,1
576,26,Female,3,4216.78,566.0,22.0,3,74,28,3,1
577,55,Male,18,3051.54,393.0,24.0,3,48,26,28,0
578,24,Female,48,2260.93,596.0,20.0,6,23,39,22,1
579,57,Male,37,,337.0,27.0,4,60,23,4,1
580,23,Female,33,1787.48,226.0,19.0,8,47,19,27,1
581,58,Male,29,919.14,471.0,22.0,4,22,45,13,1
582,42,Male,78,2469.95,531.0,11.0,7,47,2,14,1
583,30,Male,24,1371.47,258.0,27.0,6,19,18,17,0
584,24,Female,16,6628.89,119.0,13.0,4,44,33,20,1
585,23,Male,99,1942.52,514.0,18.0,8,32,35,22,1
586,36,Male,35,3726.29,189.0,10.0,4,10,16,2,1
587,26,Male,0,4067.19,134.0,27.0,2,42,2,11,1
588,61,Male,11,3321.93,436.0,22.0,7,61,7,24,0
589,63,Female,18,6474.33,583.0,12.0,0,28,48,3,1
590,46,Female,30,1617.44,20.0,23.0,7,4,43,9,1
591,39,Male,33,3941.34,195.0,22.0,2,14,38,29,1
592,60,Male,3,2274.28,478.0,6.0,0,80,1,15,1
593,62,Male,31,4979.6,202.0,14.0,6,34,0,1,1
594,57,Male,19,321.87,337.0,23.0,4,9,14,21,0
595,56,Female,39,2576.61,155.0,,6,44,13,27,1
596,59,Male,32,1450.3,137.0,26.0,6,57,42,25,1
597,52,Male,8,4692.39,228.0,24.0,8,17,35,26,1
598,34,Male,2,1476.65,253.0,0.0,9,0,18,23,0
599,47,Male,58,1922.68,,11.0,1,51,4,26,1
600,34,Male,57,3549.91,303.0,28.0,1,6,32,28,1
601,55,Male,9,1230.77,77.0,5.0,4,63,40,18,0
602,57,Male,56,4239.56,464.0,9.0,7,78,16,13,1
603,59,Male,35,4150.42,71.0,6.0,8,62,38,19,1
604,58,Female,42,260.48,485.0,29.0,4,24,46,13,1
605,26,Male,33,5078.33,392.0,23.0,9,61,17,13,1
606,26,Female,16,5375.37,117.0,4.0,8,1,43,21,1
607,40,Female,12,5173.13,447.0,20.0,8,30,10,27,1
608,63,Male,42,4783.11,,9.0,6,7,45,21,1
609,60,Male,12,1557.27,535.0,26.0,4,59,49,27,1
610,56,Female,30,2459.12,568.0,0.0,2,28,24,13,1
611,56,Female,3,830.68,59.0,13.0,5,44,3,10,0
612,63,Male,29,2386.19,211.0,21.0,6,77,11,7,1
613,34,Female,51,4032.59,472.0,22.0,5,24,18,13,1
614,35,Male,34,5666.55,449.0,0.0,6,26,19,7,1
615,40,Male,56,6196.5,164.0,19.0,4,26,34,26,1
616,33,Female,53,3738.35,461.0,0.0,9,7,15,19,1
617,36,Female,11,1529.93,94.0,23.0,0,26,5,11,1
618,55,Male,48,1483.14,141.0,29.0,5,25,17,17,1
619,20,Male,8,6463.36,292.0,11.0,5,86,19,22,1
620,20,Male,45,2177.06,528.0,28.0,7,21,5,7,1
621,49,Male,57,68.36,506.0,23.0,5,16,41,16,1
622,32,Female,126,5524.6,320.0,29.0,6,12,26,24,1
623,24,Female,57,6808.15,544.0,17.0,5,70,48,10,1
624,58,Male,44,1760.22,290.0,25.0,7,39,30,22,1
625,23,Female,25,4992.4,308.0,8.0,7,37,36,0,1
626,52,Male,14,3643.35,58.0,12.0,4,31,8,20,0
627,49,Male,25,3821.01,106.0,8.0,5,86,22,22,0
628,22,Female,43,402.72,263.0,5.0,7,53,39,18,1
629,24,Male,22,3897.98,491.0,3.0,5,75,16,18,0
630,38,Female,53,4299.0,344.0,20.0,0,55,16,9,1
631,36,Female,23,5392.46,141.0,18.0,2,42,37,3,1
632,20,Male,58,508.72,286.0,21.0,9,63,7,27,1
633,41,Female,19,1309.12,557.0,9.0,4,29,48,15,1
634,41,Male,56,2839.47,25.0,23.0,2,50,39,10,1
635,63,Female,1,6696.37,71.0,15.0,3,63,21,19,1
636,55,Male,57,5188.32,279.0,11.0,6,34,26,6,1
637,18,Female,46,680.35,11.0,12.0,0,14,6,27,1
638,24,Male,2,,145.0,16.0,7,73,35,10,0
639,57,Female,46,13984.42,338.0,10.0,3,78,45,16,1
640,47,Female,14,5769.24,149.0,28.0,6,77,18,17,1
641,51,Male,22,627.85,192.0,22.0,5,88,17,27,0
642,36,Male,4,227.91,291.0,17.0,7,64,10,1,0
643,18,Male,57,66.03,19.0,26.0,0,61,20,18,1
644,19,Male,33,,320.0,11.0,8,7,17,26,1
645,28,Male,6,1052.52,379.0,23.0,8,75,47,14,0
646,40,Male,10,2714.07,420.0,24.0,9,47,16,3,0
647,20,Male,28,4546.31,426.0,4.0,9,50,27,11,1
648,56,Female,31,1598.57,446.0,3.0,2,19,37,5,1
649,30,Male,0,,274.0,16.0,2,73,45,8,1
650,51,Female,13,3697.62,233.0,22.0,0,60,31,15,1
651,33,Male,4,5465.64,560.0,9.0,5,21,21,8,1
652,60,Female,38,5952.77,186.0,18.0,4,51,38,24,1
653,25,Female,31,1717.73,302.0,14.0,0,2,26,20,1
654,19,Male,19,518.88,49.0,20.0,0,1,12,2,1
655,63,Female,3,279.55,149.0,19.0,2,44,36,22,1
656,22,Male,18,4534.71,159.0,14.0,7,48,15,21,1
657,60,Female,30,1900.58,421.0,25.0,0,33,5,5,1
658,57,Female,3,166.04,555.0,13.0,2,40,41,6,1
659,19,Male,28,1168.82,446.0,27.0,2,44,18,7,1
660,23,Male,10,5621.19,190.0,6.0,3,46,47,15,1
661,21,Male,21,3773.57,169.0,9.0,9,60,40,24,0
662,46,Male,29,1460.62,508.0,16.0,3,19,17,8,1
663,20,Female,6,6651.12,343.0,5.0,8,53,37,24,1
664,45,Female,46,145.18,330.0,26.0,0,28,28,12,1
665,32,Female,35,1712.12,288.0,24.0,1,57,38,28,1
666,30,Male,13,3646.53,301.0,2.0,8,20,27,8,0
667,22,Male,0,1717.44,348.0,10.0,2,39,3,2,1
668,41,Male,41,,489.0,15.0,0,74,44,3,1
669,31,Male,32,2753.1,203.0,4.0,4,34,23,22,1
670,36,Male,28,3291.59,412.0,27.0,7,71,7,2,1
671,54,Female,59,5050.14,347.0,11.0,3,58,33,24,1
672,22,Male,45,6976.35,317.0,22.0,8,64,12,8,1
673,43,Male,2,770.24,438.0,18.0,6,89,48,9,0
674,40,Female,38,5149.06,85.0,16.0,4,45,3,19,1
675,58,Female,9,2738.88,329.0,25.0,0,59,7,24,1
676,25,Male,21,4530.95,538.0,6.0,1,61,48,4,1
677,60,Female,24,5865.47,137.0,28.0,1,37,2,8,1
678,20,Male,7,5339.64,124.0,3.0,5,1,34,20,1
679,37,Female,17,6825.41,,4.0,6,64,30,0,1
680,37,Female,16,479.39,72.0,26.0,3,47,3,1,0
681,22,Female,11,2692.42,182.0,4.0,8,87,27,1,0
682,61,Male,55,3504.63,92.0,25.0,9,62,0,25,1
683,43,Male,44,2090.43,394.0,2.0,0,65,17,24,1
684,34,Female,57,3086.47,154.0,15.0,7,54,37,28,1
685,19,Male,55,4514.35,432.0,9.0,3,72,35,14,1
686,20,Female,56,1298.75,221.0,10.0,2,71,34,21,1
687,27,Female,35,6654.75,225.0,26.0,4,69,20,23,1
688,55,Female,28,6518.17,312.0,22.0,1,71,42,8,1
689,19,Male,1,4407.97,557.0,21.0,5,56,7,16,1
690,42,Male,58,1851.94,186.0,22.0,2,44,15,29,1
691,38,Female,8,4989.05,112.0,27.0,1,19,14,22,1
692,35,Male,46,2232.52,297.0,9.0,9,35,14,4,1
693,39,Female,46,1625.98,355.0,17.0,4,69,29,0,1
694,51,Female,42,4990.79,248.0,12.0,1,77,17,2,1
695,59,Male,42,6163.72,245.0,12.0,1,23,48,9,1
696,62,Male,33,3972.79,205.0,8.0,0,3,29,4,1
697,54,Male,6,1691.05,283.0,17.0,9,30,19,27,0
698,56,Female,0,5080.44,506.0,11.0,8,9,3,18,1
699,47,Male,22,13628.0,452.0,9.0,3,87,9,18,1
700,50,Male,15,4293.04,238.0,18.0,5,81,35,11,1
701,23,Male,34,6771.48,370.0,9.0,5,23,7,3,1
702,30,Female,42,,321.0,6.0,7,54,32,11,1
703,37,Female,7,6984.44,283.0,8.0,7,51,25,28,1
704,51,Female,54,484.45,443.0,12.0,1,20,7,0,1
705,30,Female,49,2419.85,253.0,8.0,9,6,15,13,1
706,59,Male,12,5621.76,19.0,7.0,6,2,18,19,1
707,39,Male,5,1343.66,383.0,24.0,6,67,17,1,0
708,38,Male,49,4277.3,438.0,,9,28,29,29,1
709,31,Female,43,2619.94,595.0,3.0,4,60,40,11,1
710,53,Female,13,3470.4,442.0,28.0,5,58,13,4,0
711,22,Male,59,3148.48,167.0,22.0,9,0,42,28,1
712,37,Male,10,4873.75,26.0,22.0,5,34,29,18,1
713,59,Male,37,217.42,499.0,21.0,7,78,28,8,1
714,57,Male,17,992.68,598.0,24.0,5,39,6,22,1
715,29,Female,52,2258.03,431.0,0.0,3,85,44,28,1
716,64,Male,23,829.13,464.0,23.0,1,68,0,0,1
717,57,Female,18,4635.86,576.0,28.0,3,11,5,9,1
718,46,Female,53,3673.35,101.0,4.0,7,62,24,20,1
719,52,Male,20,5238.7,458.0,23.0,5,85,38,11,1
720,55,Male,22,1545.86,117.0,6.0,8,71,6,8,0
721,29,Female,3,1634.13,431.0,20.0,2,55,20,11,1
722,64,Male,52,254.85,57.0,29.0,5,35,21,20,1
723,29,Male,55,5705.74,484.0,13.0,5,27,24,16,1
724,37,Male,10,1468.39,224.0,3.0,3,20,33,23,0
725,43,Male,5,2558.54,258.0,8.0,7,64,5,10,0
726,50,Male,57,4493.21,588.0,15.0,7,56,46,18,1
727,58,Female,59,6241.98,574.0,11.0,1,5,44,12,1
728,55,Male,21,1431.74,195.0,5.0,6,50,36,12,0
729,45,Female,45,,121.0,16.0,7,37,26,18,1
730,48,Male,51,5486.22,14.0,15.0,5,41,28,29,1
731,46,Male,41,6727.93,36.0,12.0,3,87,3,11,1
732,40,Female,35,1280.7,105.0,22.0,7,22,28,19,1
733,28,Female,14,4892.5,488.0,0.0,5,88,13,22,1
734,35,Female,10,2747.69,485.0,26.0,4,32,33,1,0
735,23,Male,40,3487.21,461.0,18.0,7,77,35,8,1
736,39,Male,28,1599.74,304.0,4.0,1,46,14,11,1
737,22,Female,34,3759.3,433.0,28.0,5,38,48,25,1
738,23,Male,29,5958.18,43.0,25.0,3,89,19,18,1
739,47,Female,53,4662.6,278.0,17.0,5,6,35,19,1
740,59,Female,20,3573.44,168.0,18.0,7,79,10,17,0
741,56,Female,1,6550.38,487.0,3.0,0,58,2,10,1
742,40,Female,20,5489.69,550.0,5.0,7,81,41,29,1
743,63,Female,31,2691.36,62.0,15.0,5,3,32,19,1
744,64,Male,47,4870.53,595.0,23.0,2,63,39,2,1
745,28,Male,29,5204.19,38.0,19.0,4,41,16,11,1
746,19,Male,12,3655.15,465.0,22.0,1,43,20,12,1
747,31,Male,3,5483.5,293.0,4.0,0,85,37,0,1
748,26,Male,44,4445.29,585.0,10.0,2,34,3,21,1
749,44,Male,17,1344.02,122.0,17.0,3,15,38,19,0
750,34,Female,15,326.22,58.0,9.0,6,0,15,8,0
751,18,Female,22,6458.13,518.0,1.0,0,46,19,20,1
752,35,Female,58,4546.04,376.0,6.0,0,64,44,26,1
753,38,Male,58,5837.72,168.0,12.0,4,17,8,25,1
754,20,Female,41,3626.97,579.0,20.0,5,48,30,10,1
755,38,Female,14,114.37,273.0,22.0,4,83,11,27,0
756,56,Male,59,608.11,113.0,19.0,6,39,31,9,1
757,48,Male,5,1302.41,417.0,18.0,8,20,7,6,0
758,44,Male,24,3357.73,76.0,25.0,1,85,15,20,1
759,42,Female,18,6862.53,300.0,0.0,0,13,49,26,1
760,39,Male,43,4074.64,560.0,24.0,8,41,39,19,1
761,56,Female,19,6692.52,396.0,29.0,4,45,12,9,1
762,28,Female,32,5072.21,,,7,20,28,1,1
763,50,Male,27,5309.93,367.0,4.0,8,86,19,8,1
764,37,Female,57,5674.41,454.0,14.0,5,85,32,24,1
765,31,Male,31,4514.11,82.0,7.0,1,64,38,27,1
766,23,Female,26,2428.08,566.0,3.0,4,47,29,21,1
767,24,Male,7,6077.29,29.0,23.0,6,29,32,1,1
768,45,Female,24,321.54,324.0,7.0,6,30,26,12,0
769,46,Male,22,5897.49,386.0,22.0,2,78,15,26,1
770,24,Female,30,307.29,308.0,22.0,2,23,47,22,1
771,59,Male,11,76.85,355.0,11.0,7,39,26,2,0
772,51,Female,24,1353.07,91.0,19.0,8,55,8,9,0
773,25,Male,59,1396.49,450.0,20.0,0,2,35,4,1
774,41,Male,9,1809.87,555.0,13.0,1,73,34,23,1
775,44,Male,9,3945.86,86.0,26.0,0,10,14,7,1
776,32,Female,31,3129.44,133.0,20.0,3,5,21,21,1
777,39,Male,55,1868.28,272.0,25.0,0,43,39,17,1
778,57,Female,174,4717.73,,27.0,0,15,37,28,1
779,33,Female,48,5539.51,409.0,12.0,3,27,35,1,1
780,18,Male,57,2239.11,182.0,1.0,4,8,49,5,1
781,59,Female,32,1938.45,57.0,6.0,6,61,5,2,1
782,20,Female,57,1060.95,269.0,7.0,2,62,3,9,1
783,40,Female,54,2838.46,497.0,22.0,3,78,4,1,1
784,37,Female,4,5028.67,220.0,20.0,9,61,13,7,1
785,57,Female,4,1372.58,367.0,26.0,0,40,39,10,1
786,31,Female,24,4629.7,170.0,3.0,0,30,32,25,1
787,23,Female,57,3476.56,251.0,27.0,0,19,9,5,1
788,62,Female,39,577.02,595.0,11.0,2,1,10,18,1
789,33,Female,38,2759.47,532.0,3.0,0,8,35,25,1
790,29,Female,24,395.71,120.0,17.0,3,53,2,21,0
791,24,Male,10,2021.03,535.0,7.0,5,13,10,27,1
792,54,Male,52,4316.05,54.0,24.0,2,59,12,6,1
793,30,Male,24,210.7,333.0,12.0,8,6,26,3,0
794,31,Female,12,4035.61,398.0,24.0,8,3,12,8,1
795,47,Female,16,5900.07,176.0,20.0,5,6,22,13,1
796,39,Female,0,2968.06,89.0,2.0,9,14,46,14,0
797,64,Female,50,361.43,386.0,16.0,4,39,31,25,1
798,61,Male,37,260.78,352.0,4.0,1,53,26,16,1
799,46,Female,1,1514.59,534.0,7.0,6,23,27,10,1
800,38,Male,44,2912.41,236.0,26.0,8,80,24,23,1
801,24,Male,3,3477.71,70.0,7.0,1,44,18,12,1
802,32,Female,29,6247.81,406.0,2.0,0,46,15,5,1
803,37,Female,34,4245.17,148.0,1.0,3,34,35,2,1
804,33,Male,8,6912.92,580.0,20.0,4,89,2,0,1
805,61,Male,35,6758.23,249.0,6.0,6,17,38,21,1
806,51,Female,35,4622.47,401.0,14.0,3,66,40,1,1
807,51,Male,27,6166.22,199.0,17.0,9,24,9,11,1
808,29,Female,2,4183.85,552.0,16.0,9,40,24,25,1
809,58,Male,7,6399.7,245.0,27.0,4,5,31,12,1
810,62,Female,19,4262.34,183.0,,4,73,41,14,1
811,61,Female,20,1883.74,76.0,3.0,9,21,1,12,0
812,47,Male,2,443.11,403.0,20.0,4,19,42,29,0
813,21,Female,8,3061.48,,3.0,6,12,13,4,1
814,57,Female,30,6155.82,586.0,24.0,5,87,12,14,1
815,64,Female,10,4168.62,354.0,3.0,1,60,2,21,1
816,31,Female,27,5643.55,409.0,9.0,7,48,20,28,1
817,56,Male,2,5693.59,24.0,2.0,3,11,39,27,1
818,21,Male,57,4185.53,486.0,10.0,6,63,34,12,1
819,50,Male,34,1353.28,34.0,19.0,3,38,44,15,1
820,64,Male,46,1547.6,330.0,23.0,0,48,3,29,1
821,26,Female,56,4082.14,231.0,9.0,3,0,37,22,1
822,27,Female,50,5980.23,259.0,1.0,3,31,24,0,1
823,31,Male,13,966.17,97.0,21.0,3,52,38,7,0
824,33,Female,23,6321.63,127.0,28.0,9,6,46,3,1
825,23,Male,15,2946.11,138.0,29.0,4,86,39,11,0
826,51,Male,13,4754.92,87.0,16.0,1,15,44,21,1
827,47,Female,42,4329.02,526.0,5.0,3,61,6,10,1
828,33,Male,22,2505.85,95.0,18.0,3,6,17,29,0
829,43,Female,47,2022.49,568.0,1.0,6,80,45,4,1
830,54,Female,15,4662.07,86.0,26.0,7,21,46,22,1
831,61,Female,31,4485.71,69.0,25.0,6,59,41,17,1
832,64,Male,19,114.14,405.0,2.0,0,44,7,14,1
833,48,Male,32,6506.63,125.0,21.0,8,46,27,6,1
834,22,Male,34,6701.41,231.0,13.0,3,72,2,13,1
835,62,Male,55,3547.11,369.0,8.0,2,61,34,18,1
836,23,Female,53,4618.85,389.0,9.0,9,73,33,17,1
837,59,Female,45,507.79,294.0,,3,84,9,7,1
838,59,Male,30,1300.86,484.0,19.0,3,63,29,26,1
839,32,Female,12,2983.76,252.0,18.0,6,3,22,23,0
840,21,Male,10,4065.43,382.0,7.0,7,76,1,26,1
841,18,Male,26,1434.09,171.0,25.0,0,15,48,16,1
842,41,Female,37,4788.22,64.0,5.0,8,25,41,21,1
843,34,Male,46,2410.61,384.0,1.0,7,66,23,27,1
844,60,Female,39,2471.97,140.0,2.0,2,77,23,25,1
845,38,Male,21,2472.6,278.0,8.0,6,81,31,4,0
846,42,Male,22,2266.71,23.0,2.0,5,24,39,12,0
847,58,Male,45,5511.13,238.0,10.0,2,35,11,0,1
848,43,Female,21,2035.0,304.0,25.0,9,84,40,21,0
849,58,Male,32,4741.07,522.0,25.0,6,75,3,13,1
850,28,Male,40,6716.82,194.0,27.0,3,54,3,10,1
851,32,Female,40,4372.94,26.0,13.0,6,87,7,15,1
852,64,Female,11,1974.52,405.0,9.0,1,31,16,16,1
853,51,Female,30,2786.35,501.0,18.0,9,62,16,21,1
854,19,Female,53,1012.19,191.0,11.0,8,31,22,20,1
855,26,Female,2,125.45,170.0,13.0,2,36,0,24,1
856,32,Male,21,3779.05,12.0,26.0,4,52,45,8,0
857,55,Male,25,6318.31,418.0,10.0,7,28,30,13,1
858,46,Female,6,4891.48,380.0,13.0,8,88,30,1,1
859,34,Female,48,4886.57,398.0,8.0,1,54,16,10,1
860,35,Female,25,1219.88,48.0,23.0,8,80,5,12,0
861,45,Male,40,2100.9,232.0,13.0,6,13,9,1,1
862,51,Female,58,3754.02,324.0,18.0,7,80,13,19,1
863,32,Female,19,3458.13,33.0,27.0,5,78,42,6,0
864,39,Female,49,3056.0,385.0,9.0,2,27,27,1,1
865,43,Male,35,1324.51,135.0,26.0,1,24,33,16,1
866,50,Male,12,1745.47,103.0,3.0,4,84,44,13,0
867,54,Female,16,4275.34,134.0,29.0,2,5,2,8,1
868,18,Female,22,817.76,70.0,16.0,2,47,3,10,1
869,38,Male,41,803.3,164.0,2.0,7,18,33,1,1
870,24,Female,57,1084.45,560.0,16.0,2,18,13,29,1
871,30,Male,2,5158.2,256.0,15.0,7,3,1,22,1
872,49,Female,12,5256.56,394.0,14.0,8,17,17,18,1
873,61,Male,49,632.24,39.0,28.0,1,11,1,7,1
874,48,Male,8,2820.46,33.0,23.0,5,52,44,19,0
875,58,Female,15,875.78,512.0,21.0,1,54,26,15,1
876,22,Female,54,4804.41,222.0,3.0,0,57,44,21,1
877,63,Female,41,2525.14,84.0,,3,23,1,22,1
878,42,Female,56,8525.82,471.0,12.0,5,2,21,9,1
879,54,Female,42,6022.83,278.0,16.0,0,44,43,14,1
880,27,Female,5,5482.76,129.0,4.0,8,34,16,6,0
881,33,Female,22,4755.26,295.0,24.0,3,73,30,26,1
882,28,Female,0,1794.71,21.0,12.0,8,73,27,1,0
883,48,Male,45,491.5,93.0,28.0,3,34,21,25,1
884,24,Female,0,2554.1,109.0,20.0,0,59,27,9,1
885,60,Female,47,1202.02,556.0,12.0,0,74,13,26,1
886,44,Male,49,6501.09,313.0,10.0,7,68,11,13,1
887,51,Female,56,539.65,,20.0,9,4,19,26,1
888,64,Male,30,2188.27,39.0,8.0,5,45,41,16,1
889,18,Female,29,2361.73,416.0,4.0,1,37,19,2,1
890,40,Male,19,570.4,593.0,27.0,1,51,35,6,1
891,47,Female,17,5924.43,428.0,13.0,3,65,25,22,1
892,49,Male,38,4734.58,22.0,23.0,1,23,10,9,1
893,40,Female,56,2644.72,86.0,6.0,2,7,9,14,1
894,44,Male,39,1103.07,192.0,7.0,9,68,16,12,1
895,21,Male,126,5879.11,254.0,25.0,2,29,15,28,1
896,27,Female,47,810.14,32.0,3.0,4,57,2,24,1
897,47,Male,0,2647.61,15.0,11.0,8,66,47,0,0
898,60,Female,45,3049.23,552.0,12.0,0,83,36,20,1
899,19,Male,11,774.32,499.0,17.0,1,75,14,0,1
900,33,Female,13,6269.73,76.0,25.0,1,8,41,17,1
901,61,Female,35,830.87,,25.0,5,20,6,1,1
902,56,Male,0,342.33,472.0,,5,72,49,16,0
903,19,Male,58,1928.77,388.0,12.0,0,66,38,13,1
904,28,Female,42,5896.03,384.0,6.0,0,36,6,20,1
905,40,Male,9,5048.09,,,2,17,23,27,1
906,52,Male,27,3128.37,575.0,0.0,3,76,5,15,1
907,29,Female,44,5834.92,165.0,6.0,7,9,1,5,1
908,50,Male,5,2177.73,368.0,18.0,1,56,42,8,1
909,21,Male,22,5644.74,34.0,1.0,5,8,24,22,1
910,61,Male,52,6023.36,417.0,23.0,5,40,14,9,1
911,49,Male,7,1125.09,374.0,0.0,3,39,42,25,0
912,48,Female,8,743.18,86.0,22.0,7,33,2,15,0
913,57,Male,29,4600.81,401.0,19.0,0,48,42,7,1
914,34,Male,7,1640.6,85.0,11.0,9,35,5,16,0
915,34,Female,22,2555.82,458.0,9.0,8,72,40,7,0
916,48,Male,20,760.28,121.0,4.0,2,77,18,19,1
917,43,Female,55,5837.23,85.0,19.0,0,61,47,12,1
918,60,Male,36,1928.2,82.0,25.0,7,13,0,26,1
919,28,Male,26,2619.78,473.0,0.0,0,36,44,19,1
920,40,Male,35,5920.27,315.0,12.0,6,43,24,14,1
921,51,Female,18,1507.68,180.0,17.0,1,29,35,12,1
922,56,Male,45,5701.18,,29.0,6,73,23,2,1
923,42,Male,117,4411.49,,29.0,2,72,9,3,1
924,48,Female,29,6354.58,444.0,24.0,9,4,21,19,1
925,61,Female,34,6362.59,252.0,24.0,9,69,25,13,1
926,32,Male,15,5829.62,398.0,25.0,1,36,13,23,1
927,57,Female,37,3251.92,210.0,15.0,3,70,8,2,1
928,25,Female,6,3807.76,562.0,14.0,5,50,15,24,1
929,37,Male,22,3588.82,265.0,26.0,7,30,1,5,0
930,29,Male,51,841.71,483.0,6.0,0,57,29,1,1
931,35,Female,49,5420.65,307.0,28.0,2,10,7,12,1
932,25,Female,0,5157.91,460.0,13.0,9,79,22,14,1
933,41,Male,35,1265.34,188.0,20.0,0,30,10,23,1
934,57,Male,11,5275.18,278.0,22.0,0,36,5,27,1
935,47,Male,26,5271.93,27.0,26.0,8,71,3,16,1
936,30,Female,48,956.61,323.0,5.0,7,44,30,8,1
937,46,Male,18,3029.82,70.0,5.0,5,52,21,10,0
938,38,Female,29,6950.66,521.0,2.0,6,33,31,28,1
939,58,Female,1,6836.5,486.0,3.0,0,29,12,8,1
940,64,Female,59,1615.7,21.0,19.0,9,19,19,2,1
941,40,Male,10,9311.9,344.0,17.0,7,24,10,23,1
942,24,Female,43,5840.01,160.0,21.0,9,79,5,9,1
943,28,Male,19,124.45,594.0,26.0,4,26,12,3,1
944,62,Male,9,451.57,17.0,,5,70,7,22,0
945,33,Female,11,74.67,273.0,0.0,7,82,18,27,0
946,49,Female,48,13748.54,142.0,10.0,1,87,24,27,1
947,41,Male,58,2756.89,425.0,24.0,8,59,4,21,1
948,34,Male,2,3071.73,90.0,23.0,7,43,48,8,0
949,49,Male,16,3639.72,481.0,7.0,6,11,34,11,0
950,44,Female,22,3781.29,291.0,14.0,7,65,13,2,0
951,44,Male,33,6331.82,284.0,15.0,1,78,28,20,1
952,33,Female,58,4983.93,43.0,11.0,7,89,42,14,1
953,48,Female,40,1768.9,176.0,11.0,8,27,14,20,1
954,60,Female,49,6106.71,98.0,27.0,7,8,36,5,1
955,19,Male,8,892.49,325.0,15.0,8,26,41,12,0
956,39,Male,48,1278.48,195.0,7.0,2,87,4,12,1
957,52,Female,7,2120.74,135.0,6.0,4,46,18,5,0
958,44,Female,5,1762.2,368.0,27.0,9,77,18,27,0
959,35,Female,6,885.89,7.0,4.0,9,18,47,0,0
960,60,Male,18,1351.71,167.0,19.0,3,89,17,2,0
961,33,Male,24,6681.57,370.0,10.0,5,77,34,29,1
962,47,Female,3,6770.12,550.0,22.0,8,14,36,7,1
963,48,Male,19,3566.28,98.0,16.0,9,77,21,27,0
964,46,Male,16,3196.77,428.0,5.0,8,86,18,14,0
965,64,Male,40,1917.83,300.0,18.0,4,1,23,19,1
966,52,Male,26,896.0,299.0,24.0,5,25,22,11,1
967,27,Male,28,1361.82,594.0,15.0,6,79,18,18,1
968,60,Female,25,5291.63,127.0,0.0,4,32,43,22,1
969,31,Male,56,,232.0,7.0,8,43,29,12,1
970,45,Male,45,3110.22,196.0,7.0,9,8,20,17,1
971,30,Male,9,6510.22,152.0,1.0,4,70,48,1,1
972,18,Female,41,275.15,376.0,5.0,5,19,43,11,1
973,39,Female,43,5522.44,17.0,2.0,3,58,19,29,1
974,22,Female,26,810.94,328.0,20.0,0,69,3,0,1
975,52,Female,36,770.94,,15.0,5,41,29,10,1
976,41,Female,46,445.61,408.0,17.0,9,80,39,16,1
977,32,Male,43,,42.0,17.0,5,37,31,2,1
978,46,Male,24,2488.95,89.0,23.0,9,53,4,22,0
979,43,Male,15,2380.1,573.0,3.0,6,60,9,0,1
980,36,Female,40,6622.71,189.0,24.0,4,12,34,9,1
981,34,Female,51,6465.58,285.0,18.0,8,5,27,9,1
982,43,Male,56,547.65,262.0,10.0,0,87,33,8,1
983,33,Male,20,3817.81,322.0,17.0,6,54,30,15,0
984,39,Female,14,787.91,409.0,29.0,6,69,4,20,0
985,56,Female,21,,,2.0,4,74,10,4,0
986,19,Male,57,5209.96,556.0,0.0,2,41,0,16,1
987,42,Female,45,505.34,94.0,7.0,7,50,5,9,1
988,57,Female,19,6186.0,86.0,26.0,7,35,34,7,1
989,41,Female,38,2843.65,172.0,23.0,8,17,49,17,1
990,32,Male,48,3759.08,322.0,20.0,8,35,41,4,1
991,32,Male,33,4575.57,492.0,,9,26,9,6,1
992,57,Female,34,4979.56,263.0,7.0,6,22,45,24,1
993,22,Female,57,,503.0,28.0,1,48,43,21,1
994,51,Female,48,6012.69,66.0,28.0,0,14,23,21,1
995,25,Male,9,6564.75,474.0,25.0,1,65,38,0,1
996,59,Male,4,3129.26,376.0,15.0,9,3,42,14,0
997,20,Female,4,8867.72,449.0,27.0,1,20,22,26,1
998,64,Male,42,1164.1,399.0,5.0,9,47,1,24,1
999,20,Male,52,3938.12,437.0,10.0,6,47,32,5,1
1000,63,Female,11,2023.69,94.0,12.0,0,24,22,3,1
1001,33,Male,41,498.01,501.0,16.0,3,17,12,1,1
1002,34,Male,10,801.91,414.0,17.0,8,87,48,28,0
1003,29,Male,132,2231.25,22.0,,9,83,33,27,1
1004,39,Male,11,4730.5,269.0,19.0,2,48,21,4,1
1005,35,Male,19,116.45,78.0,10.0,3,8,8,16,0
1006,26,Female,28,2815.05,95.0,29.0,5,24,33,3,1
1007,41,Female,25,5836.05,30.0,23.0,8,73,1,0,1
1008,33,Female,38,4250.31,556.0,22.0,9,50,0,21,1
1009,47,Female,58,1999.17,335.0,10.0,8,42,46,21,1
1010,35,Female,49,4889.95,182.0,5.0,7,61,6,26,1
1011,52,Female,17,5370.52,321.0,29.0,7,17,44,16,1
1012,42,Female,54,2866.13,72.0,16.0,1,69,19,12,1
1013,41,Female,38,3644.69,225.0,29.0,0,83,27,12,1
1014,64,Female,23,104.73,454.0,2.0,5,16,3,27,0
1015,43,Female,23,,529.0,22.0,7,47,27,8,1
1016,18,Female,53,2714.58,505.0,21.0,6,48,5,24,1
1017,44,Female,38,402.17,211.0,16.0,3,19,29,5,1
1018,43,Female,45,5118.32,533.0,25.0,4,33,0,10,1
1019,41,Male,2,2369.5,474.0,19.0,5,5,43,16,0
1020,36,Female,5,972.46,35.0,8.0,1,74,38,21,1
1021,50,Male,59,5356.33,298.0,22.0,3,46,44,21,1
1022,63,Male,0,5944.08,296.0,24.0,9,59,1,19,1
1023,49,Male,35,6962.23,133.0,,7,69,37,3,1
1024,28,Female,48,952.66,478.0,25.0,6,65,23,16,1
1025,30,Female,18,1562.24,,17.0,0,55,17,24,1
1026,40,Male,50,1421.62,243.0,29.0,8,85,34,1,1
1027,34,Male,18,5683.75,201.0,28.0,2,37,26,26,1
1028,53,Female,21,4031.44,192.0,6.0,4,78,41,12,0
1029,54,Male,37,3408.66,326.0,2.0,0,47,10,8,1
1030,31,Female,4,1681.31,391.0,27.0,4,33,30,19,0
1031,44,Male,17,3883.43,279.0,4.0,1,86,25,1,1
1032,25,Female,18,5435.75,517.0,7.0,3,20,9,11,1
1033,38,Female,48,4137.8,596.0,10.0,3,24,2,2,1
1034,39,Female,14,2763.9,92.0,24.0,8,62,22,19,0
1035,62,Male,11,3671.86,,27.0,3,78,13,11,1
1036,31,Male,27,1525.12,561.0,13.0,2,20,46,25,1
1037,26,Female,18,4358.2,419.0,24.0,7,82,44,25,1
1038,48,Female,40,4838.16,327.0,11.0,5,73,5,18,1
1039,52,Male,59,1755.62,364.0,10.0,5,8,46,5,1
1040,22,Female,35,5918.18,426.0,24.0,2,51,32,9,1
1041,55,Male,41,4461.87,272.0,18.0,4,7,18,3,1
1042,33,Male,44,333.7,116.0,2.0,3,50,11,27,1
1043,60,Female,43,2486.37,226.0,3.0,4,64,47,8,1
1044,36,Male,25,2126.37,403.0,0.0,6,54,35,21,0
1045,29,Female,24,1755.8,589.0,23.0,4,60,11,0,1
1046,49,Male,32,,362.0,8.0,4,87,3,11,1
1047,20,Male,36,3662.7,207.0,22.0,6,0,18,26,1
1048,31,Female,1,3844.93,313.0,,2,9,29,18,1
1049,39,Female,32,334.7,125.0,20.0,3,27,39,22,1
1050,20,Female,26,3484.98,205.0,4.0,8,14,27,13,1
1051,34,Male,2,4139.68,27.0,18.0,6,40,35,16,1
1052,61,Female,15,2244.96,228.0,20.0,1,11,43,14,1
1053,64,Male,47,6921.55,158.0,23.0,0,9,26,15,1
1054,55,Male,23,3875.17,209.0,11.0,2,5,9,9,1
1055,30,Female,59,4073.81,,27.0,9,5,0,3,1
1056,49,Female,21,3638.14,417.0,17.0,7,47,31,14,0
1057,24,Male,50,5058.85,235.0,15.0,6,15,37,2,1
1058,19,Female,44,5644.3,514.0,16.0,6,37,31,27,1
1059,55,Female,54,3228.04,171.0,23.0,3,59,47,29,1
1060,60,Male,16,5321.83,430.0,6.0,6,11,30,19,1
1061,52,Female,32,3546.96,345.0,12.0,4,55,14,14,1
1062,34,Female,57,1825.89,98.0,26.0,2,0,33,16,1
1063,53,Female,23,4681.23,311.0,27.0,6,20,29,24,1
1064,39,Female,48,611.79,78.0,26.0,2,9,47,5,1
1065,51,Male,46,6553.26,310.0,6.0,0,18,19,28,1
1066,21,Male,36,,170.0,18.0,4,0,23,4,1
1067,41,Male,34,985.46,591.0,23.0,5,60,43,12,1
1068,62,Male,42,5263.0,490.0,26.0,2,0,35,18,1
1069,54,Male,10,3349.68,51.0,28.0,6,19,27,17,0
1070,61,Female,0,1094.46,429.0,28.0,9,25,19,29,0
1071,42,Male,22,4397.34,303.0,13.0,7,55,37,6,1
1072,45,Female,12,3039.19,56.0,16.0,9,52,26,11,0
1073,36,Male,56,2258.71,417.0,28.0,5,77,20,7,1
1074,44,Male,47,615.05,449.0,9.0,5,61,33,25,1
1075,29,Female,31,6202.54,560.0,25.0,0,0,36,0,1
1076,56,Male,4,,50.0,29.0,6,56,42,25,1
1077,30,Female,29,1329.94,45.0,12.0,8,33,49,17,1
1078,24,Female,38,437.81,456.0,6.0,0,19,10,10,1
1079,18,Female,18,4371.76,269.0,3.0,3,69,30,8,1
1080,33,Male,4,6336.67,470.0,5.0,0,59,15,7,1
1081,36,Female,41,211.69,,17.0,8,82,4,15,1
1082,24,Male,45,1298.78,208.0,9.0,4,38,8,2,1
1083,47,Female,49,4846.48,184.0,12.0,0,35,17,3,1
1084,29,Male,24,4531.1,434.0,4.0,6,12,23,12,1
1085,64,Male,36,4283.65,491.0,8.0,8,72,18,12,1
1086,42,Female,35,4190.04,392.0,4.0,1,69,30,22,1
1087,60,Male,42,1616.59,201.0,29.0,2,70,38,21,1
1088,55,Female,12,3916.98,,1.0,6,7,39,18,0
1089,31,Female,32,814.53,512.0,21.0,0,21,46,2,1
1090,23,Male,46,4626.11,330.0,6.0,3,56,41,16,1
1091,62,Female,4,5521.24,227.0,14.0,3,79,24,29,0
1092,60,Female,5,2607.65,175.0,12.0,9,50,14,8,0
1093,18,Male,46,5443.75,557.0,12.0,6,71,33,27,1
1094,38,Female,0,215.83,156.0,18.0,1,72,33,7,1
1095,40,Male,7,1256.93,519.0,23.0,9,57,37,29,1
1096,28,Female,7,645.23,,24.0,2,53,26,5,1
1097,36,Female,34,4281.91,,28.0,7,59,5,2,1
1098,60,Male,55,1187.11,,,9,29,37,8,1
1099,33,Male,55,520.24,119.0,27.0,7,14,33,10,1
1100,19,Female,35,2683.27,552.0,21.0,8,26,49,8,1
1101,60,Female,59,2043.33,539.0,29.0,1,3,48,17,1
1102,56,Female,18,419.66,358.0,16.0,7,21,33,16,0
1103,47,Male,29,5367.8,113.0,2.0,9,80,38,7,1
1104,56,Male,4,6430.34,526.0,11.0,3,36,11,22,1
1105,37,Male,13,3186.73,547.0,14.0,2,37,2,5,1
1106,52,Female,43,2296.74,36.0,16.0,5,34,4,22,1
1107,27,Female,1,5323.98,176.0,14.0,9,60,33,11,1
1108,43,Male,11,6275.09,590.0,3.0,0,76,6,17,1
1109,38,Male,17,6220.53,571.0,3.0,0,71,32,6,1
1110,41,Male,20,1958.57,530.0,22.0,1,81,49,28,1
1111,30,Male,29,2148.25,390.0,12.0,4,39,18,2,1
1112,33,Male,16,2172.69,528.0,26.0,0,22,20,24,1
1113,44,Female,14,4437.52,322.0,25.0,8,32,30,25,1
1114,54,Female,35,4789.09,271.0,,1,31,16,11,1
1115,39,Female,5,3747.26,202.0,17.0,8,5,30,28,0
1116,55,Female,3,6195.46,75.0,21.0,0,12,8,12,1
1117,56,Female,36,5868.38,210.0,15.0,5,77,14,27,1
1118,35,Female,40,2359.13,420.0,4.0,5,53,46,20,1
1119,46,Female,4,3646.28,75.0,7.0,7,54,14,28,0
1120,23,Female,38,6562.61,128.0,14.0,3,17,1,27,1
1121,30,Female,28,2679.13,184.0,26.0,0,50,22,10,1
1122,31,Female,16,981.04,465.0,12.0,8,89,27,24,0
1123,18,Female,54,1265.71,579.0,14.0,0,25,47,16,1
1124,55,Female,0,5552.86,436.0,23.0,7,50,10,28,1
1125,19,Female,1,6783.66,89.0,24.0,8,26,25,0,1
1126,61,Male,0,2477.14,218.0,4.0,3,9,40,25,0
1127,26,Male,55,6766.38,405.0,8.0,8,78,12,29,1
1128,57,Female,57,993.19,261.0,27.0,6,75,22,22,1
1129,47,Male,41,4667.42,282.0,27.0,2,28,4,11,1
1130,61,Male,41,2583.76,456.0,28.0,7,8,36,7,1
1131,22,Female,54,5603.59,89.0,18.0,2,71,21,3,1
1132,23,Female,47,6251.54,577.0,24.0,5,18,7,7,1
1133,25,Female,42,5457.65,511.0,2.0,2,9,45,19,1
1134,27,Female,45,5182.27,439.0,0.0,3,12,20,6,1
1135,42,Female,25,1388.98,23.0,3.0,7,65,31,16,0
1136,48,Male,12,3170.88,190.0,2.0,5,28,6,12,0
1137,64,Female,43,1903.93,95.0,13.0,1,43,43,25,1
1138,55,Female,28,1430.64,110.0,0.0,5,11,29,18,1
1139,33,Male,11,1788.45,35.0,25.0,3,55,31,12,0
1140,45,Male,51,124.14,371.0,11.0,9,4,15,28,1
1141,32,Male,31,6443.81,579.0,21.0,3,88,21,6,1
1142,26,Female,7,3170.72,565.0,2.0,4,88,19,14,1
1143,35,Female,55,3701.05,92.0,7.0,2,76,34,3,1
1144,43,Male,19,6310.34,452.0,23.0,8,86,25,0,1
1145,33,Female,29,5047.88,252.0,24.0,4,65,29,20,1
1146,33,Female,44,4318.43,429.0,12.0,5,61,41,25,1
1147,60,Female,10,6023.78,153.0,14.0,6,73,30,29,1
1148,24,Female,30,3378.62,429.0,22.0,6,25,23,7,1
1149,30,Male,31,6680.78,469.0,25.0,2,80,23,8,1
1150,46,Male,6,4558.28,575.0,28.0,9,15,49,28,1
1151,41,Male,53,1846.51,55.0,1.0,1,78,22,24,1
1152,30,Male,39,3929.52,132.0,25.0,3,8,34,13,1
1153,26,Male,19,5198.82,280.0,10.0,1,5,30,29,1
1154,28,Male,32,6146.18,13.0,6.0,8,57,24,20,1
1155,59,Male,28,2719.29,310.0,19.0,5,40,11,16,1
1156,59,Male,49,6050.12,504.0,22.0,4,49,43,6,1
1157,51,Male,38,3274.62,361.0,3.0,7,47,46,22,1
1158,20,Male,43,4308.73,279.0,12.0,6,70,34,27,1
1159,49,Female,19,5176.66,100.0,20.0,5,88,47,0,1
1160,50,Male,43,4074.48,130.0,5.0,0,64,24,25,1
1161,19,Male,46,437.32,361.0,7.0,8,29,47,15,1
1162,29,Male,36,5730.54,558.0,13.0,6,38,32,15,1
1163,37,Female,19,4810.03,346.0,20.0,9,25,12,4,1
1164,28,Female,27,5214.54,564.0,23.0,7,0,16,26,1
1165,59,Female,26,3367.21,236.0,6.0,4,74,6,2,1
1166,25,Female,144,1738.39,,7.0,5,37,48,27,1
1167,45,Female,37,6375.22,90.0,25.0,2,27,23,24,1
1168,47,Female,27,5241.19,525.0,6.0,6,0,45,17,1
1169,34,Male,15,2390.5,414.0,27.0,7,16,47,17,0
1170,51,Female,59,1687.66,127.0,11.0,0,53,32,8,1
1171,24,Male,7,2204.16,415.0,14.0,0,67,11,2,1
1172,49,Female,25,6897.58,494.0,6.0,6,7,6,9,1
1173,31,Male,52,5729.87,532.0,,2,70,34,15,1
1174,24,Male,22,3907.78,515.0,16.0,6,16,22,6,1
1175,45,Female,50,4100.93,227.0,3.0,1,25,44,6,1
1176,50,Male,37,6629.71,384.0,5.0,6,72,31,26,1
1177,29,Male,18,6265.25,101.0,17.0,5,68,3,7,1
1178,64,Male,9,3856.56,81.0,15.0,3,8,48,3,0
1179,31,Female,36,6537.13,,6.0,6,27,13,20,1
1180,48,Female,16,251.54,469.0,16.0,8,19,48,26,0
1181,54,Male,44,6509.9,174.0,9.0,0,39,20,1,1
1182,30,Male,59,5023.09,188.0,19.0,8,12,0,19,1
1183,59,Female,15,1964.9,470.0,26.0,5,22,7,9,0
1184,55,Male,23,5641.07,270.0,8.0,6,76,40,5,1
1185,55,Male,54,6322.89,382.0,0.0,7,65,40,3,1
1186,24,Male,28,4419.85,48.0,27.0,7,12,24,21,1
1187,57,Female,20,,588.0,10.0,0,12,34,2,1
1188,21,Female,8,4204.66,469.0,9.0,0,12,4,8,1
1189,36,Female,37,2017.96,390.0,3.0,0,21,14,22,1
1190,57,Female,28,75.51,308.0,24.0,2,6,41,13,1
1191,27,Female,7,6783.63,375.0,3.0,8,86,19,1,1
1192,30,Female,57,6325.43,499.0,13.0,6,19,15,29,1
1193,48,Female,25,5377.78,275.0,12.0,2,16,17,23,1
1194,29,Male,55,,438.0,16.0,7,38,28,15,1
1195,49,Male,5,1773.5,485.0,25.0,3,83,20,8,0
1196,45,Female,32,3433.34,190.0,17.0,3,38,13,11,1
1197,42,Female,54,4866.25,590.0,4.0,5,89,12,7,1
1198,28,Female,41,6380.57,103.0,0.0,1,82,44,6,1
1199,18,Female,31,766.07,269.0,19.0,0,68,14,6,1
1200,29,Female,141,4125.76,74.0,5.0,7,73,17,24,1
1201,54,Female,29,1492.06,92.0,21.0,9,67,26,13,1
1202,64,Male,39,3056.29,378.0,14.0,6,84,35,24,1
1203,30,Female,58,1458.04,292.0,29.0,9,82,8,1,1
1204,59,Female,52,56.97,365.0,11.0,8,33,10,22,1
1205,18,Female,55,1795.71,533.0,15.0,5,56,1,6,1
1206,18,Female,50,2974.44,87.0,27.0,7,62,9,1,1
1207,33,Female,7,1855.53,393.0,12.0,0,44,35,22,1
1208,34,Female,13,708.19,86.0,6.0,0,1,20,10,1
1209,64,Male,28,1932.57,213.0,26.0,8,37,12,7,1
1210,43,Female,14,6811.49,427.0,27.0,0,48,23,29,1
1211,56,Male,38,3042.79,408.0,5.0,0,79,36,10,1
1212,33,Female,1,6890.35,495.0,15.0,8,88,39,25,1
1213,39,Male,23,913.0,556.0,2.0,3,70,17,11,1
1214,52,Male,21,4120.3,406.0,15.0,5,24,31,2,1
1215,64,Male,19,4364.92,540.0,19.0,1,62,14,10,1
1216,48,Female,7,4959.49,559.0,5.0,7,52,31,8,1
1217,23,Male,48,5207.93,552.0,29.0,4,51,37,14,1
1218,19,Female,25,2817.53,327.0,14.0,2,86,39,0,1
1219,47,Male,11,6785.57,145.0,20.0,5,46,49,16,1
1220,26,Male,44,3704.35,55.0,8.0,2,44,17,24,1
1221,19,Male,29,4759.98,85.0,21.0,1,10,20,16,1
1222,60,Male,22,6139.29,474.0,2.0,2,51,28,4,1
1223,47,Female,52,913.84,79.0,8.0,9,65,37,16,1
1224,52,Male,30,2674.07,507.0,23.0,0,82,26,13,1
1225,49,Female,20,628.95,123.0,12.0,3,68,26,18,0
1226,59,Female,2,1721.61,262.0,26.0,7,0,3,5,0
1227,32,Male,7,6887.89,423.0,6.0,7,3,16,7,1
1228,42,Male,27,750.4,449.0,15.0,5,4,33,9,1
1229,51,Male,25,5912.02,,,6,83,38,29,1
1230,43,Female,14,2885.64,446.0,24.0,9,51,3,14,0
1231,41,Male,37,6345.55,563.0,14.0,9,37,36,17,1
1232,27,Female,27,3220.73,38.0,16.0,3,11,43,2,1
1233,32,Male,20,3464.67,216.0,0.0,0,28,23,10,1
1234,42,Female,25,4269.97,50.0,7.0,7,7,5,16,1
1235,19,Female,44,1182.77,80.0,28.0,3,1,13,16,1
1236,50,Male,9,6182.53,427.0,25.0,1,29,26,8,1
1237,53,Female,18,6490.94,550.0,14.0,4,12,48,27,1
1238,34,Male,51,843.34,476.0,1.0,5,3,3,6,1
1239,21,Female,37,3595.35,14.0,17.0,5,73,37,7,1
1240,39,Female,47,653.5,231.0,22.0,0,18,42,23,1
1241,58,Female,47,1187.08,599.0,5.0,5,64,46,29,1
1242,28,Male,44,1787.45,97.0,3.0,2,58,6,26,1
1243,36,Male,26,5263.87,137.0,1.0,3,67,37,13,1
1244,40,Female,20,3091.1,487.0,24.0,6,65,22,14,0
1245,56,Female,20,5196.4,131.0,29.0,9,25,18,16,1
1246,50,Male,32,4684.83,237.0,22.0,2,56,15,27,1
1247,21,Male,14,1017.17,505.0,28.0,6,16,10,13,1
1248,34,Female,31,1142.61,157.0,29.0,3,8,2,12,1
1249,35,Male,54,6227.27,486.0,27.0,0,18,3,12,1
1250,56,Male,22,5802.35,346.0,12.0,9,49,40,13,1
1251,63,Female,22,2549.21,23.0,11.0,7,8,22,14,0
1252,34,Female,32,3352.64,500.0,18.0,4,15,18,2,1
1253,25,Male,59,5386.24,171.0,9.0,0,41,9,12,1
1254,39,Male,29,571.91,595.0,23.0,2,46,0,14,1
1255,33,Female,135,4801.96,173.0,22.0,9,41,21,17,1
1256,26,Male,15,256.49,136.0,18.0,2,37,18,19,1
1257,23,Male,17,5592.75,57.0,28.0,0,77,12,7,1
1258,44,Female,32,,276.0,6.0,8,63,43,1,1
1259,45,Male,38,2390.96,62.0,9.0,1,28,38,22,1
1260,63,Male,45,547.81,575.0,6.0,2,82,20,1,1
1261,29,Male,56,6542.2,491.0,6.0,1,65,39,2,1
1262,36,Male,21,3854.89,321.0,20.0,0,7,31,3,1
1263,19,Female,7,194.97,151.0,21.0,2,48,18,9,1
1264,41,Male,45,6769.46,449.0,4.0,5,0,29,19,1
1265,41,Female,29,683.01,220.0,22.0,1,71,49,6,1
1266,34,Female,38,3966.71,73.0,7.0,9,14,11,17,1
1267,49,Male,15,77.89,488.0,9.0,3,7,39,26,0
1268,25,Female,29,73.36,31.0,22.0,4,22,23,11,1
1269,18,Male,39,783.33,458.0,0.0,7,51,39,10,1
1270,59,Male,50,5680.8,277.0,7.0,1,38,3,6,1
1271,41,Female,32,3485.67,16.0,24.0,2,33,42,7,1
1272,18,Female,50,1507.76,311.0,29.0,9,15,40,14,1
1273,51,Female,10,4306.03,152.0,20.0,9,78,46,18,1
1274,42,Female,14,5319.75,337.0,29.0,7,85,5,1,1
1275,55,Male,49,6635.95,22.0,20.0,0,22,37,16,1
1276,45,Female,45,4966.3,206.0,8.0,6,80,4,5,1
1277,33,Female,10,1292.05,114.0,,0,22,29,17,1
1278,59,Male,42,4386.22,293.0,21.0,7,37,33,28,1
1279,45,Female,52,4342.5,147.0,29.0,1,7,13,16,1
1280,21,Female,10,,319.0,26.0,4,49,16,14,0
1281,33,Female,5,2080.01,140.0,12.0,6,71,31,10,0
1282,41,Female,24,4146.5,479.0,26.0,7,42,15,5,1
1283,41,Female,59,5150.32,245.0,3.0,7,53,20,13,1
1284,53,Female,51,5749.03,472.0,16.0,5,68,44,1,1
1285,49,Male,37,3403.69,324.0,3.0,7,80,17,15,1
1286,26,Female,24,8324.14,438.0,0.0,2,15,23,16,1
1287,49,Female,38,3980.66,572.0,13.0,6,67,7,2,1
1288,35,Female,36,1090.27,52.0,15.0,5,4,4,1,1
1289,41,Male,26,5142.3,83.0,2.0,5,16,36,18,1
1290,22,Female,30,6419.89,128.0,2.0,3,36,41,23,1
1291,53,Female,9,207.21,193.0,8.0,5,79,32,6,0
1292,60,Male,47,316.63,252.0,3.0,6,75,23,6,1
1293,30,Male,54,3645.01,512.0,23.0,5,52,1,5,1
1294,47,Female,34,258.4,584.0,1.0,3,66,49,15,1
1295,28,Male,51,3218.93,449.0,23.0,8,65,22,21,1
1296,54,Female,50,3733.78,277.0,5.0,3,32,0,23,1
1297,57,Male,38,3109.21,84.0,16.0,6,22,20,20,1
1298,53,Female,17,3167.45,140.0,26.0,6,22,35,3,0
1299,51,Male,28,4005.79,267.0,8.0,0,71,18,29,1
1300,41,Female,18,1295.75,390.0,3.0,3,83,17,26,0
1301,25,Female,46,6946.33,433.0,5.0,5,48,16,4,1
1302,43,Female,15,1375.37,222.0,23.0,2,34,5,9,1
1303,42,Male,55,6275.34,309.0,9.0,3,83,28,1,1
1304,22,Female,2,3699.08,415.0,12.0,2,86,41,20,1
1305,30,Female,24,2065.4,18.0,26.0,8,71,40,8,0
1306,40,Male,43,1991.33,120.0,10.0,5,67,10,2,1
1307,33,Female,1,2189.96,290.0,7.0,5,77,34,27,0
1308,42,Female,129,2778.6,560.0,6.0,5,79,31,0,1
1309,43,Female,0,1128.97,63.0,16.0,6,70,26,28,0
1310,28,Female,11,,117.0,0.0,8,83,45,24,0
1311,28,Male,28,,488.0,0.0,5,31,27,7,1
1312,28,Female,8,2114.95,32.0,14.0,6,32,6,24,0
1313,59,Male,32,5533.73,493.0,14.0,3,36,39,10,1
1314,32,Male,28,1279.33,334.0,26.0,1,34,38,6,1
1315,48,Male,18,6035.88,531.0,9.0,8,83,18,12,1
1316,47,Female,12,3651.4,428.0,20.0,1,63,23,16,1
1317,20,Female,28,3166.45,56.0,8.0,8,0,6,23,1
1318,64,Female,29,5382.92,139.0,,7,55,18,22,1
1319,49,Male,55,3015.32,399.0,20.0,3,64,2,16,1
1320,25,Male,16,598.37,245.0,15.0,3,28,49,5,0
1321,51,Female,0,2684.27,364.0,6.0,9,1,46,2,0
1322,62,Male,5,3721.8,58.0,14.0,4,8,11,7,0
1323,25,Female,7,2516.22,345.0,14.0,9,58,45,8,0
1324,21,Male,59,1159.35,400.0,18.0,3,58,1,23,1
1325,37,Female,13,1212.47,78.0,7.0,7,2,20,25,0
1326,19,Male,35,154.5,448.0,22.0,2,58,27,27,1
1327,23,Male,5,4928.43,115.0,,0,11,24,19,1
1328,23,Female,1,2476.69,505.0,19.0,9,76,45,19,1
1329,33,Female,16,1169.35,137.0,2.0,3,36,2,5,0
1330,39,Male,24,4670.23,513.0,28.0,7,16,9,21,1
1331,55,Female,23,4110.41,243.0,29.0,5,66,3,8,1
1332,55,Female,56,3487.41,168.0,14.0,5,43,9,5,1
1333,55,Female,45,6983.07,456.0,21.0,9,2,29,26,1
1334,22,Female,10,3878.55,279.0,16.0,9,35,35,22,0
1335,31,Male,58,4208.21,34.0,27.0,2,44,33,17,1
1336,41,Male,24,1264.44,521.0,20.0,9,69,35,26,1
1337,26,Male,24,2179.12,427.0,19.0,2,37,13,11,1
1338,26,Female,16,6198.06,575.0,,1,51,38,19,1
1339,35,Female,7,367.73,15.0,24.0,4,29,1,5,0
1340,61,Female,44,5550.52,438.0,3.0,2,83,37,16,1
1341,18,Female,32,2835.36,442.0,1.0,7,16,5,17,1
1342,41,Female,40,1414.55,70.0,15.0,6,58,24,15,1
1343,44,Female,30,5123.86,12.0,14.0,1,2,18,3,1
1344,47,Female,21,5563.7,149.0,16.0,8,38,36,1,0
1345,41,Male,29,1394.99,441.0,9.0,5,68,9,14,1
1346,59,Male,43,3893.32,360.0,27.0,4,38,1,2,1
1347,49,Male,46,3980.15,44.0,21.0,6,29,35,21,1
1348,48,Female,43,6782.55,41.0,3.0,7,11,2,5,1
1349,50,Male,50,4528.12,28.0,16.0,0,70,31,1,1
1350,45,Male,48,1877.1,346.0,19.0,9,88,1,3,1
1351,31,Male,52,1881.0,160.0,14.0,6,34,3,1,1
1352,39,Male,24,6133.04,292.0,25.0,5,89,47,12,1
1353,32,Male,10,1194.1,424.0,7.0,6,85,36,2,0
1354,58,Female,53,1362.66,426.0,25.0,4,75,14,17,1
1355,52,Male,48,4574.06,134.0,5.0,8,43,9,20,1
1356,47,Female,10,5646.63,131.0,6.0,4,62,17,16,1
1357,34,Male,33,2019.85,379.0,0.0,3,40,38,8,1
1358,33,Male,20,3595.2,15.0,9.0,7,85,4,7,0
1359,30,Female,47,1868.89,424.0,1.0,1,70,30,22,1
1360,47,Female,26,5184.5,452.0,16.0,3,19,40,7,1
1361,37,Male,50,289.07,23.0,25.0,3,23,47,8,1
1362,51,Male,22,5466.56,392.0,27.0,9,0,46,13,1
1363,20,Female,29,3146.9,232.0,18.0,1,2,3,6,1
1364,43,Female,9,5074.01,184.0,2.0,5,33,10,3,1
1365,45,Male,28,6858.28,115.0,10.0,6,79,40,2,1
1366,19,Male,15,5373.43,441.0,3.0,0,7,30,20,1
1367,31,Female,28,4749.37,86.0,27.0,3,1,22,2,1
1368,28,Female,87,1109.64,474.0,20.0,8,40,40,18,1
1369,32,Male,55,,500.0,2.0,9,79,26,9,1
1370,46,Female,34,1164.1,347.0,17.0,5,81,8,6,1
1371,44,Female,47,1385.33,524.0,25.0,5,39,49,9,1
1372,26,Female,1,4000.08,504.0,23.0,8,74,41,10,1
1373,35,Female,57,398.04,265.0,4.0,3,79,27,4,1
1374,30,Female,55,3395.9,560.0,13.0,0,0,45,18,1
1375,37,Male,11,4076.76,296.0,0.0,5,11,6,3,1
1376,29,Female,49,2288.43,576.0,23.0,7,74,37,13,1
1377,53,Male,20,1533.48,303.0,0.0,2,57,22,21,1
1378,53,Female,14,6985.9,202.0,27.0,9,60,11,11,1
1379,37,Female,23,2322.09,524.0,2.0,9,46,45,3,1
1380,18,Female,6,1444.79,241.0,29.0,1,4,2,27,1
1381,42,Male,19,1665.94,588.0,9.0,5,36,3,18,1
1382,60,Male,25,5696.95,556.0,8.0,5,58,4,20,1
1383,61,Female,35,2556.11,266.0,11.0,0,50,25,11,1
1384,41,Male,15,709.62,60.0,29.0,9,26,41,0,0
1385,32,Female,14,3363.17,520.0,29.0,9,44,25,4,1
1386,45,Male,57,3210.13,17.0,17.0,6,23,1,24,1
1387,62,Male,16,2477.11,477.0,1.0,3,6,34,26,0
1388,45,Female,6,,508.0,1.0,7,55,35,23,1
1389,39,Male,5,5746.93,38.0,29.0,1,21,45,21,1
1390,61,Female,38,,51.0,27.0,8,66,38,25,1
1391,60,Male,3,5782.61,434.0,29.0,2,27,20,17,1
1392,21,Male,25,3442.15,579.0,5.0,9,4,19,16,1
1393,28,Male,9,3482.65,206.0,4.0,4,74,2,19,0
1394,46,Female,18,5187.47,596.0,21.0,1,37,13,4,1
1395,39,Female,54,1347.51,388.0,3.0,7,60,28,29,1
1396,30,Female,48,4304.52,401.0,20.0,2,60,46,5,1
1397,34,Male,41,3719.63,185.0,24.0,8,63,43,4,1
1398,30,Male,57,2587.32,278.0,2.0,3,7,18,16,1
1399,40,Female,15,4965.96,121.0,1.0,7,47,5,2,1
1400,38,Male,36,2469.69,20.0,26.0,8,50,38,15,1
1401,62,Male,14,4662.42,238.0,5.0,9,5,24,24,1
1402,48,Female,11,4145.68,115.0,12.0,8,42,9,14,1
1403,53,Female,58,5322.81,185.0,6.0,0,2,37,2,1
1404,48,Female,11,3719.63,210.0,24.0,2,7,21,9,1
1405,53,Male,28,6202.42,165.0,25.0,6,56,3,24,1
1406,50,Male,20,1383.32,457.0,7.0,1,9,13,25,1
1407,54,Male,40,3693.2,282.0,0.0,5,81,39,20,1
1408,35,Female,47,841.01,248.0,15.0,5,43,37,9,1
1409,26,Female,25,1263.09,525.0,17.0,2,66,43,11,1
1410,46,Male,33,2901.66,292.0,18.0,0,19,43,16,1
1411,29,Male,25,1290.41,412.0,21.0,8,27,27,0,0
1412,43,Female,16,4854.92,596.0,23.0,4,51,34,3,1
1413,52,Female,41,489.85,384.0,14.0,0,19,2,2,1
1414,58,Female,4,5392.96,378.0,25.0,5,20,14,13,1
1415,47,Male,25,2047.07,448.0,20.0,9,22,25,22,0
1416,61,Female,33,1506.81,204.0,20.0,0,50,38,24,1
1417,47,Female,55,554.68,380.0,24.0,0,12,7,16,1
1418,29,Female,30,5274.82,74.0,18.0,8,49,5,21,1
1419,55,Male,22,6218.48,95.0,6.0,5,89,0,6,1
1420,52,Female,34,2080.49,167.0,3.0,2,11,25,15,1
1421,18,Female,105,1318.46,156.0,4.0,3,8,11,3,1
1422,30,Male,55,6050.83,345.0,2.0,7,12,42,6,1
1423,21,Male,49,1268.54,342.0,0.0,2,25,37,20,1
1424,50,Female,53,5849.36,210.0,7.0,5,29,10,12,1
1425,41,Male,24,3685.41,333.0,9.0,6,55,7,7,0
1426,23,Male,6,5201.77,326.0,7.0,4,47,23,29,1
1427,35,Female,30,4805.33,543.0,2.0,0,51,29,22,1
1428,58,Female,23,4202.18,212.0,13.0,9,18,21,9,1
1429,58,Female,39,1768.1,498.0,8.0,4,15,28,19,1
1430,36,Male,13,5661.28,563.0,18.0,2,15,26,28,1
1431,63,Male,15,4260.92,298.0,20.0,5,75,32,1,1
1432,62,Female,37,2767.81,467.0,18.0,6,12,26,10,1
1433,22,Male,59,388.75,,28.0,1,67,10,0,1
1434,43,Male,16,,417.0,4.0,2,1,37,18,1
1435,34,Male,28,5591.05,564.0,15.0,2,7,28,14,1
1436,37,Male,19,146.01,561.0,29.0,5,65,4,14,1
1437,34,Female,31,1818.3,358.0,23.0,9,54,12,15,1
1438,34,Male,30,6378.25,61.0,9.0,4,48,27,3,1
1439,52,Male,24,5837.15,424.0,10.0,9,89,16,22,1
1440,47,Female,13,4426.8,335.0,,3,80,10,15,1
1441,40,Female,9,2325.38,456.0,29.0,6,71,41,7,0
1442,61,Female,23,2862.05,461.0,19.0,1,75,48,1,1
1443,57,Male,50,149.2,189.0,7.0,0,81,28,14,1
1444,49,Female,29,6561.44,101.0,24.0,1,14,17,15,1
1445,38,Male,35,5215.29,326.0,0.0,5,45,28,14,1
1446,46,Male,7,4837.19,77.0,26.0,9,17,41,20,1
1447,63,Female,46,261.26,94.0,4.0,9,49,28,28,1
1448,26,Female,27,5504.18,87.0,17.0,6,71,5,15,1
1449,30,Male,26,3933.04,,,0,32,44,7,1
1450,38,Male,18,671.9,193.0,4.0,9,44,2,28,0
1451,34,Male,30,6361.22,,17.0,3,6,29,22,1
1452,63,Female,47,3043.77,443.0,7.0,3,59,33,14,1
1453,59,Female,13,4898.01,584.0,5.0,6,69,32,17,1
1454,31,Female,24,1241.8,382.0,8.0,0,31,46,22,1
1455,50,Male,9,821.36,315.0,22.0,3,61,47,28,0
1456,41,Male,21,4333.36,98.0,17.0,8,55,19,28,1
1457,64,Female,30,1854.14,430.0,2.0,7,30,10,4,1
1458,31,Male,51,,553.0,16.0,9,8,2,19,1
1459,45,Female,22,1282.73,116.0,28.0,7,36,34,4,0
1460,37,Female,15,4056.48,284.0,23.0,6,79,25,17,1
1461,64,Male,46,5500.06,541.0,25.0,9,68,34,7,1
1462,38,Male,1,5488.09,437.0,13.0,9,69,33,4,1
1463,39,Female,55,3661.43,575.0,7.0,8,4,6,7,1
1464,50,Female,12,2265.36,583.0,19.0,8,88,49,3,1
1465,42,Female,46,6844.87,176.0,4.0,1,74,40,9,1
1466,19,Female,40,1754.95,571.0,7.0,3,2,5,2,1
1467,53,Male,48,3750.27,228.0,13.0,5,39,44,16,1
1468,23,Female,47,632.82,576.0,5.0,7,77,45,13,1
1469,28,Male,2,682.88,140.0,0.0,0,71,48,14,1
1470,44,Male,4,6220.32,149.0,2.0,3,79,13,12,1
1471,60,Female,22,2232.38,,13.0,5,34,30,4,0
1472,60,Male,33,2500.92,18.0,28.0,1,68,31,10,1
1473,30,Male,52,3387.28,133.0,25.0,6,51,31,4,1
1474,38,Female,18,1240.55,21.0,21.0,4,77,27,9,0
1475,25,Male,31,6311.79,522.0,3.0,8,85,10,27,1
1476,47,Female,35,2237.45,145.0,18.0,6,70,38,29,1
1477,46,Female,35,2336.82,377.0,28.0,6,52,19,8,1
1478,22,Female,40,3950.26,252.0,25.0,1,68,42,7,1
1479,41,Female,57,4579.17,490.0,,2,12,28,15,1
1480,59,Female,47,917.04,,21.0,2,22,46,19,1
1481,22,Male,17,5987.93,256.0,5.0,2,36,36,12,1
1482,59,Female,50,3048.81,559.0,24.0,5,3,42,18,1
1483,40,Male,23,3785.79,241.0,7.0,6,5,38,17,0
1484,34,Male,8,5100.54,468.0,19.0,5,69,41,26,1
1485,29,Male,50,2592.29,71.0,,0,83,3,5,1
1486,31,Female,53,2163.71,488.0,27.0,7,80,8,3,1
1487,19,Female,54,620.98,119.0,1.0,2,83,2,7,1
1488,41,Male,27,1804.57,427.0,18.0,7,44,17,18,1
1489,41,Female,35,5293.45,280.0,22.0,2,25,32,4,1
1490,20,Female,54,821.19,,10.0,4,25,23,6,1
1491,45,Female,21,1825.85,389.0,17.0,2,17,44,9,1
1492,23,Male,4,4259.2,301.0,3.0,7,73,6,24,1
1493,41,Male,8,5093.76,567.0,4.0,9,74,14,1,1
1494,43,Male,28,2730.03,271.0,2.0,0,72,12,21,1
1495,56,Female,8,,136.0,19.0,8,7,29,25,1
1496,40,Female,3,1584.67,485.0,26.0,2,2,5,21,1
1497,62,Male,47,4732.44,20.0,9.0,1,83,27,18,1
1498,31,Female,24,2161.81,132.0,5.0,0,50,43,17,1
1499,49,Female,50,655.05,35.0,2.0,5,74,48,13,1
1500,31,Female,46,2845.88,490.0,29.0,4,67,42,28,1
1501,61,Male,34,6519.08,,21.0,7,34,38,7,1
1502,43,Male,21,6632.54,196.0,21.0,9,14,15,9,1
1503,55,Female,52,3621.49,424.0,16.0,4,38,10,11,1
1504,40,Male,12,4415.58,308.0,3.0,0,72,1,3,1
1505,40,Male,15,,149.0,22.0,6,44,13,2,0
1506,50,Female,6,1402.11,228.0,24.0,6,19,23,11,0
1507,23,Female,27,3324.05,88.0,20.0,8,87,18,2,1
1508,42,Female,36,261.62,527.0,,8,12,6,4,1
1509,45,Male,42,4572.72,367.0,25.0,6,48,9,18,1
1510,21,Female,0,3251.06,54.0,27.0,0,44,36,8,1
1511,27,Female,8,4486.18,339.0,11.0,5,69,35,4,1
1512,22,Female,10,2688.83,119.0,4.0,6,87,40,27,0
1513,38,Female,42,,517.0,14.0,1,62,7,14,1
1514,48,Male,43,6921.93,168.0,15.0,6,27,14,24,1
1515,27,Female,43,4926.8,58.0,,0,76,21,9,1
1516,29,Female,14,5621.56,246.0,20.0,2,68,45,15,1
1517,39,Female,39,4880.6,165.0,9.0,2,29,30,3,1
1518,48,Male,51,371.48,377.0,29.0,7,63,8,12,1
1519,23,Female,27,57.19,151.0,17.0,4,69,11,12,1
1520,18,Male,27,1865.79,81.0,16.0,5,7,43,3,1
1521,35,Male,55,6631.9,91.0,23.0,7,76,18,5,1
1522,49,Male,13,4559.79,321.0,15.0,6,48,48,15,1
1523,43,Female,59,3304.95,396.0,21.0,7,0,31,20,1
1524,24,Female,50,6934.31,314.0,24.0,2,8,5,2,1
1525,46,Male,25,5003.21,516.0,11.0,3,67,32,1,1
1526,23,Female,17,6720.11,28.0,11.0,5,5,18,11,1
1527,49,Female,11,2619.93,426.0,10.0,6,39,2,28,0
1528,18,Male,2,2125.77,286.0,13.0,0,31,6,4,1
1529,58,Male,26,2031.54,174.0,12.0,4,63,31,7,1
1530,51,Male,58,2405.79,400.0,4.0,9,22,10,22,1
1531,35,Female,22,3732.16,458.0,2.0,0,6,26,29,1
1532,33,Male,19,5678.34,495.0,10.0,0,26,16,24,1
1533,22,Female,36,6007.91,136.0,19.0,4,87,26,16,1
1534,31,Female,12,4064.06,488.0,22.0,9,62,10,29,1
1535,38,Male,111,6102.78,243.0,18.0,6,72,28,24,1
1536,28,Female,29,2172.85,237.0,20.0,9,27,10,19,1
1537,38,Female,16,3560.04,363.0,13.0,9,33,38,18,0
1538,63,Female,36,1665.41,251.0,18.0,8,75,44,25,1
1539,34,Male,53,6646.69,431.0,14.0,0,14,32,2,1
1540,61,Female,40,1832.46,280.0,24.0,6,10,13,19,1
1541,50,Male,22,2911.06,455.0,28.0,4,10,26,14,0
1542,40,Female,19,5648.86,102.0,5.0,8,84,45,3,1
1543,59,Female,5,970.33,315.0,8.0,9,52,26,1,0
1544,43,Male,41,4854.07,78.0,7.0,3,10,25,19,1
1545,60,Female,51,3600.45,512.0,5.0,5,26,44,0,1
1546,42,Male,13,4064.22,176.0,8.0,7,45,49,1,1
1547,51,Female,32,796.14,509.0,22.0,6,80,0,23,1
1548,54,Male,40,825.1,554.0,2.0,7,30,14,1,1
1549,36,Female,27,5794.94,466.0,28.0,2,71,22,29,1
1550,63,Male,57,4062.93,24.0,16.0,0,2,37,1,1
1551,42,Male,7,466.41,242.0,24.0,0,13,33,2,1
1552,24,Male,14,5519.77,242.0,25.0,8,67,24,4,1
1553,36,Male,45,6459.01,68.0,15.0,4,84,39,26,1
1554,58,Female,18,6016.08,459.0,17.0,2,82,0,26,1
1555,22,Female,30,2177.22,151.0,4.0,3,78,46,0,1
1556,47,Male,21,188.24,248.0,20.0,7,38,40,7,0
1557,61,Male,48,1831.01,389.0,2.0,0,42,5,21,1
1558,56,Male,18,5394.43,348.0,24.0,4,51,7,29,1
1559,51,Male,4,423.55,423.0,28.0,7,10,45,3,0
1560,22,Female,38,2820.27,488.0,1.0,9,24,29,1,1
1561,52,Female,34,4203.27,262.0,24.0,6,40,4,3,1
1562,47,Male,9,6523.49,276.0,10.0,3,11,12,21,1
1563,48,Female,43,2642.79,463.0,25.0,7,77,33,21,1
1564,31,Male,24,169.21,549.0,5.0,9,8,9,19,1
1565,42,Male,24,6677.47,554.0,29.0,0,53,35,20,1
1566,32,Female,22,3501.01,531.0,7.0,6,20,6,20,1
1567,61,Male,36,3489.94,282.0,11.0,9,52,47,29,1
1568,35,Female,8,766.4,399.0,27.0,5,52,38,17,0
1569,25,Female,11,,223.0,7.0,7,30,34,17,0
1570,31,Male,21,4982.06,102.0,4.0,6,12,37,11,1
1571,42,Male,30,5538.43,191.0,13.0,7,29,0,14,1
1572,30,Male,41,6722.95,177.0,14.0,5,83,0,21,1
1573,53,Male,8,1968.11,131.0,,9,57,37,5,0
1574,26,Female,55,3922.31,484.0,4.0,1,46,16,29,1
1575,18,Female,20,840.27,18.0,21.0,2,26,34,26,1
1576,50,Male,54,3757.51,373.0,23.0,5,70,26,21,0
1577,21,Female,49,2587.59,328.0,8.0,5,29,24,17,1
1578,63,Female,4,4181.18,7.0,15.0,7,40,11,16,1
1579,21,Female,11,5245.39,,27.0,7,52,45,6,1
1580,49,Female,41,4625.26,175.0,26.0,8,9,26,13,1
1581,24,Female,14,6822.93,476.0,,2,69,14,5,1
1582,52,Female,51,4482.42,495.0,2.0,5,6,44,6,1
1583,19,Male,6,6553.94,71.0,14.0,8,53,19,17,1
1584,26,Female,34,142.33,479.0,22.0,8,28,11,5,1
1585,30,Male,39,3893.49,536.0,8.0,0,19,37,11,1
1586,42,Female,54,4836.82,58.0,27.0,8,57,17,11,1
1587,55,Female,16,4312.13,149.0,4.0,5,67,45,6,1
1588,52,Male,7,6851.22,528.0,18.0,1,30,13,6,1
1589,23,Female,37,1267.35,398.0,3.0,8,19,28,4,1
1590,36,Female,8,582.81,437.0,3.0,4,45,41,12,0
1591,31,Female,51,4419.76,450.0,11.0,9,49,49,13,1
1592,21,Female,3,1507.17,,27.0,8,41,28,6,1
1593,34,Female,25,4366.38,269.0,6.0,1,2,17,6,1
1594,21,Male,2,3616.37,187.0,26.0,8,49,32,19,0
1595,41,Female,56,3952.2,417.0,27.0,2,29,42,1,1
1596,40,Female,14,4349.21,42.0,27.0,7,23,10,7,1
1597,56,Female,8,4683.15,486.0,12.0,2,16,14,27,1
1598,26,Female,24,5452.62,482.0,13.0,6,22,2,12,1
1599,49,Male,40,2501.24,58.0,27.0,0,25,35,12,1
1600,64,Female,48,1077.97,180.0,3.0,5,70,0,6,1
1601,34,Male,10,4335.85,178.0,9.0,6,28,29,27,1
1602,60,Male,55,773.45,104.0,,7,63,32,27,1
1603,20,Male,57,6873.92,231.0,28.0,5,43,3,8,1
1604,41,Female,5,4586.19,5.0,8.0,3,57,16,3,1
1605,58,Female,55,5307.11,426.0,14.0,9,34,21,1,1
1606,23,Female,37,3871.56,,21.0,5,85,11,14,1
1607,63,Female,30,4451.86,127.0,11.0,8,5,20,14,1
1608,45,Male,29,5145.34,236.0,22.0,4,7,10,11,1
1609,64,Female,36,3451.95,461.0,18.0,8,87,26,4,1
1610,45,Female,18,2022.01,464.0,4.0,6,58,37,14,0
1611,59,Male,39,5425.54,46.0,17.0,1,81,12,27,1
1612,45,Male,28,3563.3,152.0,3.0,7,63,40,3,1
1613,33,Male,11,6039.24,410.0,7.0,7,0,43,27,1
1614,25,Male,25,6066.76,279.0,2.0,9,68,8,19,1
1615,51,Male,36,2710.11,391.0,29.0,0,17,32,6,1
1616,20,Male,43,4811.73,327.0,3.0,5,80,0,8,1
1617,51,Male,38,,183.0,12.0,5,80,47,1,1
1618,21,Female,24,4309.31,120.0,2.0,0,11,37,10,1
1619,21,Female,39,6787.67,404.0,23.0,0,58,9,13,1
1620,24,Female,56,6601.71,492.0,,4,35,1,13,1
1621,22,Male,17,5027.71,280.0,27.0,5,5,9,16,1
1622,20,Female,44,5219.42,209.0,16.0,7,35,38,2,1
1623,23,Male,47,5323.85,175.0,5.0,8,40,28,7,1
1624,30,Female,22,6846.97,432.0,18.0,1,42,19,6,1
1625,57,Female,43,4140.6,86.0,0.0,8,10,46,3,1
1626,60,Male,30,4593.37,64.0,7.0,9,58,38,8,1
1627,26,Female,25,3018.6,528.0,28.0,6,13,1,23,1
1628,19,Male,22,1047.18,147.0,17.0,1,74,13,13,1
1629,38,Male,20,1253.49,475.0,26.0,2,45,19,2,1
1630,55,Male,54,2774.21,176.0,2.0,6,84,20,14,1
1631,35,Male,6,6267.58,105.0,15.0,9,53,22,7,1
1632,59,Male,54,63.43,347.0,0.0,0,64,18,12,1
1633,32,Female,10,3358.52,388.0,8.0,3,37,18,13,0
1634,40,Male,21,1605.63,161.0,23.0,2,21,32,22,1
1635,52,Female,17,11379.38,187.0,13.0,2,28,39,26,1
1636,25,Male,21,2955.33,389.0,2.0,5,14,10,24,0
1637,18,Male,18,2178.93,,2.0,1,52,43,29,1
1638,24,Female,6,2481.2,,5.0,7,72,21,22,1
1639,25,Male,9,1344.93,247.0,9.0,2,65,42,25,1
1640,30,Male,29,2740.99,80.0,7.0,7,75,13,3,1
1641,46,Male,13,5687.16,239.0,14.0,0,22,47,28,1
1642,20,Male,53,301.91,412.0,0.0,4,44,28,11,1
1643,32,Female,13,3632.11,,22.0,2,86,4,19,1
1644,20,Female,39,4569.07,515.0,2.0,4,53,49,26,1
1645,42,Male,12,4956.46,120.0,13.0,4,8,44,25,1
1646,33,Male,10,6750.19,109.0,16.0,9,31,43,4,1
1647,62,Male,52,1540.93,580.0,17.0,6,42,17,18,1
1648,45,Male,40,743.73,274.0,28.0,2,1,6,7,1
1649,42,Female,47,5122.38,380.0,,6,78,44,13,1
1650,53,Female,43,1066.49,32.0,22.0,4,78,15,23,1
1651,46,Female,43,3512.16,256.0,6.0,0,38,48,28,1
1652,60,Male,56,3551.98,513.0,1.0,2,13,34,9,1
1653,58,Male,11,4049.08,421.0,24.0,6,18,25,18,1
1654,40,Male,53,920.8,277.0,6.0,3,48,3,3,1
1655,22,Female,35,1930.22,543.0,5.0,9,76,23,17,1
1656,62,Female,1,6107.71,60.0,9.0,5,16,2,23,1
1657,56,Male,9,5155.45,167.0,25.0,0,16,43,21,1
1658,26,Female,6,5543.35,322.0,9.0,6,6,0,9,1
1659,37,Male,20,2715.61,51.0,2.0,9,29,13,9,0
1660,20,Female,30,1596.53,257.0,1.0,1,14,4,11,1
1661,43,Female,57,3071.48,586.0,2.0,4,12,44,13,1
1662,49,Female,9,3734.84,75.0,27.0,3,87,17,17,0
1663,55,Male,57,1863.78,297.0,25.0,5,34,30,25,1
1664,43,Male,132,1193.84,255.0,14.0,9,28,14,9,1
1665,41,Male,40,3570.52,67.0,17.0,7,32,11,19,1
1666,40,Female,26,2615.05,79.0,27.0,4,27,14,26,1
1667,40,Female,18,4585.6,32.0,27.0,6,71,15,8,1
1668,34,Male,46,810.68,76.0,16.0,3,69,16,26,1
1669,25,Male,24,3405.49,,15.0,5,82,48,29,0
1670,60,Male,14,3881.27,83.0,21.0,7,74,31,21,0
1671,25,Male,22,3849.68,506.0,5.0,1,15,1,10,1
1672,58,Female,57,6735.24,251.0,26.0,0,14,26,2,1
1673,36,Female,22,6069.99,465.0,26.0,5,80,16,2,1
1674,49,Male,4,2483.08,142.0,6.0,9,71,33,12,0
1675,24,Female,9,4652.92,,,7,18,39,4,1
1676,46,Male,45,5847.14,193.0,9.0,6,79,20,1,1
1677,32,Female,38,5398.3,468.0,28.0,9,23,46,24,1
1678,21,Female,50,1047.86,419.0,29.0,9,22,45,19,1
1679,62,Female,44,4938.77,104.0,0.0,9,50,24,21,1
1680,22,Female,27,3893.39,86.0,19.0,4,11,43,14,1
1681,55,Male,54,,41.0,1.0,5,72,10,23,1
1682,51,Female,12,5607.65,558.0,12.0,4,4,41,18,1
1683,32,Male,2,6820.66,112.0,19.0,6,57,30,18,1
1684,47,Male,21,1245.51,283.0,16.0,3,26,7,11,0
1685,63,Male,39,3552.44,356.0,16.0,8,55,14,5,1
1686,35,Male,56,5196.53,106.0,15.0,8,1,9,3,1
1687,36,Female,25,3824.31,19.0,18.0,1,35,37,12,1
1688,32,Male,1,,332.0,5.0,7,34,37,12,0
1689,47,Male,28,96.34,486.0,17.0,3,26,10,26,1
1690,46,Female,49,2507.14,384.0,26.0,5,84,9,16,1
1691,35,Male,12,4315.7,427.0,14.0,5,63,34,24,1
1692,38,Female,50,4209.01,434.0,3.0,6,13,0,9,1
1693,44,Female,14,1596.1,561.0,17.0,3,52,10,26,1
1694,62,Female,11,351.09,514.0,5.0,7,38,26,28,1
1695,22,Male,6,5184.27,241.0,5.0,1,55,8,4,1
1696,56,Male,42,2111.99,290.0,29.0,2,5,4,2,1
1697,63,Female,3,1580.05,24.0,12.0,8,88,27,19,0
1698,30,Female,38,1295.55,165.0,17.0,1,81,47,18,1
1699,47,Male,47,1222.38,163.0,26.0,0,22,4,24,1
1700,38,Male,8,6833.36,365.0,23.0,2,14,2,28,1
1701,31,Female,47,264.49,37.0,17.0,4,81,47,6,1
1702,60,Male,14,2169.77,226.0,,5,68,22,4,0
1703,41,Male,59,1903.75,529.0,20.0,2,15,43,7,1
1704,56,Male,17,4191.72,,28.0,4,57,33,26,1
1705,30,Female,25,1719.48,483.0,23.0,6,15,6,22,0
1706,34,Female,5,1656.93,455.0,19.0,3,33,7,2,0
1707,49,Female,33,1285.02,563.0,4.0,3,84,22,23,1
1708,45,Female,10,6428.58,587.0,,2,32,22,4,1
1709,44,Female,35,6694.69,191.0,4.0,8,44,20,1,1
1710,28,Male,19,3949.55,114.0,20.0,3,52,10,8,0
1711,42,Female,31,3857.63,134.0,20.0,3,17,43,11,1
1712,54,Male,48,2541.33,105.0,29.0,4,29,21,11,1
1713,21,Male,24,2350.02,333.0,13.0,5,52,6,26,0
1714,48,Male,54,6724.78,539.0,8.0,0,86,10,19,1
1715,24,Female,43,5186.46,,19.0,9,21,21,18,1
1716,38,Female,37,6186.19,595.0,18.0,8,7,48,2,1
1717,46,Male,114,1959.67,194.0,12.0,8,63,0,17,1
1718,24,Male,0,,566.0,14.0,2,70,45,2,1
1719,20,Male,21,5673.63,285.0,7.0,6,30,38,21,1
1720,34,Male,4,4801.14,186.0,29.0,5,54,22,22,1
1721,37,Female,17,1003.75,578.0,16.0,6,25,26,26,1
1722,39,Male,23,2011.26,421.0,8.0,4,25,38,23,0
1723,58,Female,11,3708.56,406.0,25.0,7,41,34,12,0
1724,22,Male,8,5905.58,557.0,17.0,4,31,40,11,1
1725,31,Male,28,6928.99,,7.0,0,12,10,23,1
1726,61,Male,38,445.49,191.0,16.0,8,18,41,26,1
1727,36,Female,4,3175.89,492.0,11.0,5,8,8,5,0
1728,40,Female,35,658.93,325.0,15.0,7,72,0,4,1
1729,55,Female,26,4043.33,279.0,20.0,4,2,27,22,1
1730,56,Male,59,943.41,214.0,12.0,2,67,19,24,1
1731,45,Male,40,4046.37,494.0,27.0,6,4,7,4,1
1732,57,Female,11,1946.46,548.0,,0,88,15,23,1
1733,30,Male,2,3381.38,199.0,7.0,2,5,1,20,1
1734,34,Male,33,1129.39,562.0,5.0,7,54,30,20,1
1735,35,Female,59,6449.31,156.0,18.0,7,7,20,4,1
1736,53,Female,19,3504.41,520.0,10.0,8,19,5,17,1
1737,34,Female,51,4746.98,497.0,7.0,6,17,36,26,1
1738,48,Male,153,6122.87,242.0,7.0,3,11,12,1,1
1739,20,Male,6,2764.86,387.0,1.0,9,15,11,14,0
1740,64,Male,26,2849.13,242.0,11.0,1,66,30,19,1
1741,56,Female,35,3354.07,251.0,14.0,1,2,38,7,1
1742,48,Male,39,6350.27,121.0,1.0,7,49,19,25,1
1743,39,Male,2,312.21,8.0,12.0,4,26,1,18,0
1744,45,Male,37,3249.38,546.0,18.0,5,38,28,13,1
1745,52,Female,6,6536.39,62.0,5.0,2,63,42,26,1
1746,29,Female,47,2377.95,5.0,29.0,9,10,44,28,1
1747,20,Female,15,3849.65,152.0,8.0,9,34,10,14,0
1748,61,Female,6,1576.15,312.0,14.0,7,46,12,1,0
1749,36,Female,14,2295.85,128.0,8.0,1,31,36,26,1
1750,20,Male,24,3184.75,197.0,7.0,4,2,8,6,0
1751,36,Female,8,2309.42,216.0,17.0,8,62,27,5,0
1752,41,Female,32,,404.0,6.0,1,86,17,26,1
1753,64,Male,18,,529.0,1.0,0,38,40,29,1
1754,52,Male,33,2148.87,186.0,1.0,8,22,43,14,1
1755,31,Female,17,1036.52,40.0,6.0,9,58,31,15,0
1756,43,Female,25,2436.7,15.0,0.0,9,76,22,21,0
1757,55,Male,48,2757.5,37.0,3.0,4,88,1,10,1
1758,51,Male,48,4370.57,71.0,29.0,9,8,30,8,1
1759,33,Female,56,4453.57,427.0,1.0,5,87,47,12,1
1760,51,Female,21,1509.46,543.0,19.0,0,85,41,10,1
1761,22,Female,6,6034.69,286.0,25.0,1,32,6,29,1
1762,34,Male,25,3579.45,401.0,8.0,4,75,22,13,0
1763,27,Male,45,3267.87,256.0,17.0,0,25,17,6,1
1764,57,Female,49,2453.57,582.0,8.0,5,14,43,14,1
1765,24,Male,47,6134.81,124.0,5.0,0,34,22,14,1
1766,19,Female,43,6262.38,38.0,4.0,1,60,3,21,1
1767,56,Male,51,,543.0,25.0,3,86,5,2,1
1768,39,Female,42,5693.18,596.0,28.0,8,66,13,14,1
1769,33,Female,41,5897.21,112.0,28.0,9,51,31,14,1
1770,37,Female,12,2628.71,435.0,27.0,0,48,39,9,1
1771,27,Female,7,1042.35,270.0,0.0,6,37,40,19,0
1772,50,Male,8,1313.83,492.0,28.0,5,58,37,21,0
1773,46,Male,51,1247.27,413.0,5.0,6,57,20,16,1
1774,43,Female,56,3079.18,,17.0,0,46,14,16,1
1775,33,Female,35,1191.03,485.0,2.0,2,84,20,18,1
1776,36,Female,20,1745.42,474.0,25.0,4,77,38,16,0
1777,22,Male,12,6816.63,48.0,14.0,0,9,20,24,1
1778,29,Female,28,2021.67,347.0,1.0,2,38,36,5,1
1779,18,Female,1,2327.23,216.0,11.0,3,35,8,8,0
1780,21,Male,56,2349.53,212.0,23.0,7,8,44,11,1
1781,43,Female,55,2763.49,,22.0,2,67,13,13,1
1782,31,Female,52,941.66,28.0,11.0,1,64,0,28,1
1783,58,Female,41,723.5,83.0,20.0,3,62,29,8,1
1784,27,Male,11,5653.26,375.0,21.0,6,29,22,11,1
1785,35,Male,2,1262.24,399.0,4.0,5,88,20,25,0
1786,45,Male,2,2597.25,557.0,10.0,1,10,49,16,1
1787,33,Male,44,325.82,379.0,3.0,1,4,43,12,1
1788,54,Female,11,266.6,480.0,13.0,4,65,48,19,0
1789,47,Male,28,6709.96,418.0,21.0,1,19,21,11,1
1790,41,Female,15,2513.42,262.0,10.0,5,14,3,10,0
1791,35,Male,24,736.22,467.0,15.0,8,86,35,9,0
1792,59,Male,18,201.25,391.0,22.0,2,60,20,12,1
1793,41,Female,49,4070.73,537.0,13.0,2,44,39,16,1
1794,48,Male,45,990.82,311.0,26.0,7,2,47,4,1
1795,50,Female,6,990.1,245.0,28.0,7,54,2,6,0
1796,29,Male,0,1289.13,277.0,0.0,5,89,7,22,0
1797,51,Female,38,4130.78,,16.0,0,79,13,18,1
1798,47,Female,47,1515.79,301.0,16.0,1,72,48,7,1
1799,34,Male,18,3362.26,171.0,8.0,4,78,35,28,0
1800,22,Male,21,5185.49,120.0,29.0,5,21,34,27,1
1801,63,Male,19,3544.06,87.0,3.0,9,77,37,16,0
1802,61,Male,53,1475.24,188.0,20.0,9,57,27,14,1
1803,37,Male,46,5594.52,346.0,13.0,8,12,5,28,1
1804,39,Female,20,6303.45,56.0,1.0,3,35,1,19,1
1805,45,Male,14,6041.46,521.0,28.0,1,83,47,14,1
1806,31,Male,37,1206.29,407.0,16.0,0,17,29,16,1
1807,39,Male,39,10623.72,177.0,,8,57,5,19,1
1808,57,Male,24,5444.12,25.0,,1,85,23,16,1
1809,64,Female,25,3120.42,92.0,4.0,1,56,33,19,1
1810,58,Female,12,1028.67,231.0,7.0,0,67,32,17,1
1811,55,Female,1,74.85,334.0,13.0,3,50,29,16,0
1812,49,Male,16,3928.59,280.0,23.0,8,56,0,0,0
1813,61,Female,27,1816.88,465.0,6.0,9,6,40,20,1
1814,35,Male,25,3057.04,38.0,18.0,3,37,22,8,0
1815,61,Female,40,,247.0,19.0,1,18,38,9,1
1816,45,Female,20,5396.32,194.0,10.0,2,79,15,17,1
1817,31,Male,27,2648.84,498.0,27.0,0,17,42,20,1
1818,64,Male,4,265.07,503.0,15.0,1,9,31,24,1
1819,21,Female,39,1531.62,364.0,6.0,7,8,42,1,1
1820,53,Female,5,3574.48,314.0,16.0,5,29,31,0,0
1821,44,Female,10,58.38,180.0,24.0,6,60,47,19,0
1822,22,Male,1,1808.67,106.0,17.0,9,73,15,11,0
1823,61,Male,40,5764.82,526.0,9.0,7,0,33,15,1
1824,37,Female,41,2135.83,16.0,22.0,9,18,9,27,1
1825,62,Male,7,1646.58,148.0,11.0,6,24,37,4,0
1826,35,Female,1,3320.49,,19.0,4,51,42,1,0
1827,45,Female,7,5069.44,158.0,24.0,1,48,37,27,1
1828,31,Male,12,1044.5,398.0,,3,23,29,20,0
1829,52,Male,52,1192.47,285.0,8.0,6,71,12,5,1
1830,38,Female,30,,401.0,12.0,9,73,37,4,1
1831,27,Female,33,4403.58,,11.0,8,89,22,0,1
1832,62,Female,1,970.31,350.0,19.0,5,52,17,12,0
1833,48,Male,42,1348.99,62.0,21.0,6,38,5,16,1
1834,58,Female,32,2627.24,387.0,8.0,7,21,37,0,1
1835,42,Female,31,665.91,275.0,5.0,0,26,44,13,1
1836,46,Female,7,4656.64,332.0,9.0,2,3,4,10,1
1837,64,Male,47,1481.4,457.0,11.0,1,78,38,8,1
1838,44,Female,31,4031.11,391.0,6.0,0,12,43,18,1
1839,44,Female,51,1383.08,256.0,6.0,0,51,47,24,1
1840,26,Female,54,4005.25,22.0,,9,29,37,6,1
1841,57,Male,7,5818.22,203.0,14.0,9,24,27,8,1
1842,63,Male,43,1606.01,49.0,0.0,9,27,38,14,1
1843,41,Female,25,6720.62,194.0,15.0,2,89,41,13,1
1844,55,Male,50,2689.69,19.0,22.0,5,29,37,4,1
1845,58,Female,46,4469.38,227.0,24.0,6,31,20,6,1
1846,28,Female,49,2428.41,83.0,23.0,5,53,19,3,1
1847,29,Female,15,1142.08,581.0,27.0,2,21,16,26,1
1848,38,Female,37,6556.84,340.0,28.0,5,39,31,4,1
1849,41,Female,55,6694.79,348.0,2.0,0,31,10,19,1
1850,24,Male,30,5013.1,355.0,15.0,8,62,48,27,1
1851,54,Male,49,654.37,380.0,5.0,3,21,18,18,1
1852,57,Female,20,3381.46,282.0,11.0,9,63,36,1,0
1853,42,Female,24,1500.74,582.0,14.0,9,63,35,15,1
1854,36,Female,12,4734.68,289.0,9.0,8,47,0,17,1
1855,55,Male,57,5593.52,523.0,4.0,5,65,44,23,1
1856,42,Male,56,1577.56,,5.0,7,6,9,7,1
1857,34,Female,59,5256.78,305.0,0.0,3,39,47,21,1
1858,42,Female,29,5610.1,527.0,11.0,9,17,11,22,1
1859,43,Male,4,953.96,425.0,4.0,6,13,44,6,0
1860,23,Male,52,756.23,403.0,19.0,7,40,41,19,1
1861,21,Female,22,6414.41,257.0,16.0,3,58,39,29,1
1862,52,Female,10,2459.13,49.0,5.0,4,39,21,25,0
1863,32,Female,42,1826.95,22.0,9.0,2,76,17,19,1
1864,48,Female,19,6674.25,74.0,15.0,2,10,15,19,1
1865,59,Female,53,1540.38,333.0,11.0,9,26,29,15,1
1866,54,Male,34,5396.12,347.0,0.0,0,22,6,29,1
1867,34,Female,52,518.96,388.0,16.0,4,6,48,16,1
1868,25,Male,21,2243.82,176.0,11.0,3,77,47,18,0
1869,38,Male,53,6894.04,118.0,3.0,0,77,29,12,1
1870,45,Female,29,922.34,103.0,4.0,1,84,38,10,1
1871,57,Male,43,1957.31,420.0,3.0,5,22,9,5,1
1872,38,Male,51,1334.95,99.0,23.0,6,49,34,4,1
1873,63,Female,11,4537.69,46.0,,4,89,32,14,1
1874,37,Male,3,4668.17,39.0,16.0,7,9,41,19,1
1875,32,Female,37,2970.82,220.0,22.0,7,37,16,23,1
1876,40,Male,37,263.88,592.0,14.0,7,13,28,27,1
1877,51,Female,0,4278.77,432.0,,9,20,32,8,1
1878,21,Male,33,2099.43,49.0,18.0,8,33,22,12,1
1879,30,Female,18,420.7,84.0,23.0,0,87,22,6,1
1880,27,Male,8,6240.5,503.0,12.0,4,29,0,0,1
1881,39,Male,20,3065.54,302.0,,6,61,49,9,0
1882,56,Female,55,5496.62,584.0,23.0,8,4,28,5,1
1883,25,Male,57,5257.2,159.0,29.0,7,66,25,8,1
1884,30,Female,27,1906.72,341.0,26.0,6,37,27,16,1
1885,31,Female,29,4375.9,337.0,18.0,2,51,9,8,1
1886,20,Female,6,2108.54,247.0,29.0,9,73,48,5,0
1887,24,Male,51,4898.61,198.0,5.0,1,44,49,1,1
1888,56,Male,105,5575.11,266.0,20.0,9,44,19,14,1
1889,42,Female,12,6295.94,399.0,27.0,8,6,17,4,1
1890,45,Female,48,3331.51,227.0,16.0,4,43,1,12,1
1891,22,Male,30,5157.49,314.0,7.0,2,88,45,26,1
1892,60,Male,7,2971.19,14.0,8.0,6,77,18,11,0
1893,41,Male,54,1770.26,276.0,23.0,9,34,32,22,1
1894,28,Female,10,5513.21,422.0,22.0,6,82,26,22,1
1895,59,Female,19,314.59,567.0,19.0,0,25,17,6,1
1896,35,Male,58,1141.36,408.0,18.0,6,88,15,23,1
1897,25,Female,2,6453.45,565.0,26.0,8,84,43,5,1
1898,42,Male,22,3800.19,349.0,14.0,4,53,30,4,0
1899,35,Male,53,5043.49,393.0,21.0,5,17,6,15,1
1900,61,Male,2,379.41,186.0,15.0,1,30,16,17,1
1901,43,Male,48,2324.83,576.0,8.0,1,44,0,15,1
1902,25,Female,41,2474.09,148.0,8.0,8,61,49,15,1
1903,59,Male,27,1041.94,271.0,23.0,9,34,21,10,1
1904,34,Female,27,1522.82,395.0,7.0,5,59,41,5,1
1905,60,Female,0,2926.81,253.0,3.0,2,52,25,22,1
1906,29,Female,52,319.82,394.0,8.0,1,26,32,9,1
1907,43,Male,16,1141.71,488.0,25.0,6,4,33,28,0
1908,39,Female,15,4003.61,205.0,20.0,3,68,16,22,1
1909,28,Female,27,3204.08,414.0,5.0,5,13,37,16,1
1910,24,Female,4,1532.32,26.0,25.0,1,54,36,11,1
1911,43,Male,14,3449.88,258.0,5.0,6,45,14,8,0
1912,63,Female,26,4923.06,351.0,6.0,5,82,0,23,1
1913,38,Female,18,6427.34,352.0,10.0,3,40,24,28,1
1914,63,Male,30,5593.32,260.0,9.0,4,46,3,27,1
1915,43,Male,30,326.88,517.0,,2,28,21,1,1
1916,22,Male,5,3232.16,496.0,25.0,5,33,16,6,0
1917,42,Female,53,6275.94,350.0,29.0,3,63,17,0,1
1918,57,Male,58,1370.28,258.0,9.0,7,36,3,10,1
1919,64,Female,31,6933.87,450.0,1.0,8,18,6,8,1
1920,29,Female,36,6782.69,220.0,1.0,0,18,47,20,1
1921,31,Female,17,3811.28,394.0,15.0,5,3,6,28,0
1922,55,Female,18,2064.27,81.0,22.0,7,31,13,8,0
1923,61,Female,10,4679.77,241.0,1.0,9,16,40,16,1
1924,34,Female,13,181.33,225.0,6.0,6,68,10,22,0
1925,36,Male,32,2085.63,330.0,11.0,5,66,23,0,1
1926,18,Female,50,6483.97,30.0,8.0,8,44,5,0,1
1927,36,Female,44,1479.45,573.0,2.0,6,18,13,17,1
1928,29,Female,38,732.09,150.0,18.0,5,44,23,21,1
1929,18,Male,44,6849.5,317.0,25.0,7,8,26,24,1
1930,62,Female,15,1148.61,100.0,2.0,3,67,26,29,0
1931,34,Male,51,1240.81,10.0,3.0,0,61,20,21,1
1932,37,Male,51,4518.83,335.0,16.0,4,82,43,21,1
1933,33,Male,52,274.97,180.0,17.0,8,2,46,8,1
1934,38,Male,13,6332.69,274.0,22.0,5,75,5,4,1
1935,64,Female,31,3951.83,394.0,10.0,7,88,18,15,1
1936,47,Male,44,1954.41,35.0,17.0,8,38,6,25,1
1937,54,Male,50,2033.83,333.0,5.0,0,67,7,20,1
1938,37,Female,37,3851.57,150.0,29.0,2,81,42,2,1
1939,56,Male,11,3915.69,64.0,14.0,6,53,11,1,0
1940,25,Female,34,5566.6,358.0,7.0,7,12,29,4,1
1941,52,Female,14,5709.03,344.0,3.0,5,21,18,17,1
1942,55,Male,0,5440.86,24.0,18.0,4,83,20,27,1
1943,58,Male,43,1405.07,217.0,23.0,8,64,1,29,1
1944,22,Male,54,2788.97,311.0,7.0,0,35,7,7,1
1945,53,Male,6,3905.81,584.0,18.0,2,20,29,25,1
1946,42,Male,58,9965.38,133.0,16.0,6,44,27,9,1
1947,43,Female,33,6046.06,,23.0,0,6,2,10,1
1948,52,Male,34,2805.28,498.0,1.0,2,60,18,7,1
1949,25,Male,19,1419.1,370.0,4.0,4,69,44,6,0
1950,18,Female,27,5110.7,7.0,8.0,7,42,19,14,1
1951,62,Female,46,6627.67,459.0,25.0,1,15,45,5,1
1952,43,Male,19,296.62,485.0,16.0,0,11,14,13,1
1953,32,Male,27,3026.37,341.0,28.0,8,28,28,0,1
1954,24,Male,6,1401.56,550.0,6.0,0,8,13,11,1
1955,64,Female,12,1467.93,492.0,11.0,6,13,30,12,0
1956,30,Female,47,661.77,23.0,9.0,8,65,25,1,1
1957,36,Female,40,4944.42,493.0,,1,70,1,22,1
1958,42,Female,53,489.56,391.0,7.0,9,38,28,3,1
1959,50,Female,8,758.89,208.0,3.0,7,0,38,29,0
1960,47,Male,55,2625.14,597.0,3.0,4,40,45,15,1
1961,22,Female,56,4447.34,388.0,29.0,1,84,0,6,1
1962,24,Male,26,904.25,178.0,15.0,2,6,24,16,1
1963,60,Female,52,1233.28,197.0,21.0,4,2,14,0,1
1964,21,Female,17,2924.3,403.0,15.0,9,67,16,0,0
1965,42,Male,55,5886.11,88.0,15.0,0,15,36,8,1
1966,53,Male,47,2035.32,445.0,18.0,1,46,48,19,1
1967,18,Male,54,2021.26,379.0,23.0,3,13,17,23,1
1968,21,Female,29,6161.15,509.0,4.0,8,22,28,13,1
1969,47,Male,41,2830.79,511.0,4.0,3,33,24,13,1
1970,33,Female,6,9872.06,114.0,13.0,6,48,13,12,1
1971,26,Female,33,5375.4,259.0,15.0,9,15,45,25,1
1972,22,Male,28,5939.55,,23.0,1,26,35,4,1
1973,45,Male,1,123.68,76.0,19.0,6,77,0,27,0
1974,34,Male,18,,466.0,29.0,6,71,46,29,0
1975,37,Male,24,5050.28,124.0,9.0,4,89,12,21,1
1976,29,Female,57,2850.89,447.0,16.0,9,37,43,24,1
1977,62,Female,7,1102.57,468.0,22.0,7,39,40,14,0
1978,24,Female,28,5416.81,571.0,11.0,5,56,29,2,1
1979,52,Female,44,2644.77,76.0,21.0,1,20,37,19,1
1980,57,Male,11,2096.52,136.0,12.0,5,55,3,29,0
1981,25,Male,23,104.14,150.0,28.0,7,74,39,1,0
1982,44,Female,42,3249.71,567.0,0.0,6,14,3,3,1
1983,45,Female,3,3380.47,523.0,19.0,5,80,34,4,1
1984,43,Male,34,6358.86,437.0,2.0,0,52,14,26,1
1985,18,Female,32,2501.0,275.0,19.0,6,75,30,10,1
1986,40,Male,7,6965.21,162.0,25.0,2,8,12,22,1
1987,57,Female,25,2620.08,230.0,16.0,1,12,6,20,1
1988,32,Male,21,1183.52,463.0,16.0,4,65,16,4,0
1989,45,Female,4,5009.57,541.0,23.0,3,15,6,18,1
1990,28,Female,55,6772.5,410.0,6.0,1,60,46,19,1
1991,41,Female,51,2321.63,228.0,23.0,2,81,34,1,1
1992,60,Male,14,229.51,360.0,20.0,0,54,6,14,1
1993,44,Male,52,6439.41,455.0,25.0,5,20,9,12,1
1994,22,Male,57,,460.0,1.0,9,45,11,16,1
1995,20,Female,0,4499.8,471.0,22.0,3,20,33,5,1
1996,61,Female,44,4331.95,212.0,,1,29,11,27,1
1997,38,Male,11,2897.54,27.0,23.0,0,16,3,16,1
1998,60,Female,42,900.17,181.0,13.0,9,14,11,19,1
1999,48,Male,22,342.31,565.0,16.0,5,66,30,9,1
2000,33,Female,42,1648.96,299.0,26.0,7,34,6,16,1
2001,27,Male,7,2397.84,19.0,23.0,8,83,19,19,0
2002,32,Male,58,1471.54,557.0,12.0,2,76,30,3,1
2003,46,Female,12,4108.59,19.0,1.0,0,48,48,22,1
2004,43,Male,28,5444.28,226.0,1.0,3,8,29,21,1
2005,52,Male,14,5501.16,271.0,14.0,6,1,19,27,1
2006,47,Male,1,5129.35,171.0,0.0,5,33,4,19,1
2007,59,Female,15,4142.47,28.0,28.0,1,21,37,1,1
2008,39,Female,13,6664.6,347.0,29.0,6,33,24,26,1
2009,42,Female,30,6467.0,216.0,20.0,9,33,6,18,1
2010,56,Female,44,2849.47,364.0,16.0,7,39,48,23,1
2011,20,Male,23,250.6,544.0,28.0,9,56,25,11,1
2012,40,Male,10,3044.8,77.0,13.0,5,57,2,3,0
2013,38,Male,34,6805.51,,15.0,5,22,9,7,1
2014,43,Female,9,1551.74,599.0,8.0,7,73,18,5,1
2015,20,Female,54,820.11,64.0,13.0,7,54,46,21,1
2016,20,Female,13,5005.03,204.0,21.0,4,40,9,8,1
2017,49,Male,23,3410.15,141.0,22.0,1,48,3,20,1
2018,46,Male,29,6281.23,164.0,0.0,6,69,43,27,1
2019,39,Male,51,2653.54,533.0,8.0,2,14,14,27,1
2020,53,Female,26,318.32,538.0,14.0,4,30,26,23,1
2021,23,Female,35,5385.29,577.0,7.0,8,23,27,9,1
2022,60,Female,31,2699.0,75.0,6.0,9,49,21,1,1
2023,36,Female,33,5535.48,395.0,11.0,8,47,43,15,1
2024,29,Male,34,1252.51,217.0,11.0,4,45,27,17,1
2025,40,Male,46,1716.27,332.0,14.0,8,41,13,21,1
2026,59,Male,3,6491.78,222.0,12.0,9,54,8,0,1
2027,52,Male,40,117.04,365.0,,3,72,44,27,1
2028,26,Female,19,5426.4,233.0,16.0,2,70,27,20,1
2029,27,Female,12,1944.28,457.0,27.0,8,18,21,19,0
2030,49,Female,14,3132.76,546.0,4.0,7,69,47,11,1
2031,50,Male,42,5513.67,,20.0,6,55,48,27,1
2032,64,Male,2,2279.07,450.0,1.0,8,46,26,11,0
2033,58,Female,51,5680.6,202.0,29.0,9,63,13,7,1
2034,22,Male,19,2867.62,313.0,17.0,6,0,0,25,0
2035,54,Male,28,6897.45,409.0,10.0,0,13,49,28,1
2036,52,Male,14,1201.19,588.0,23.0,9,9,9,24,1
2037,60,Female,39,2826.41,377.0,27.0,5,4,14,0,1
2038,52,Female,15,6553.79,431.0,25.0,1,11,37,18,1
2039,60,Male,5,2596.42,555.0,,4,0,9,3,1
2040,35,Male,3,,116.0,24.0,0,53,34,24,1
2041,26,Female,53,537.75,589.0,16.0,8,85,2,17,1
2042,54,Female,27,1833.74,519.0,22.0,6,43,18,19,1
2043,49,Female,33,2660.55,239.0,14.0,4,10,31,8,1
2044,64,Female,5,6862.31,221.0,8.0,3,4,2,26,1
2045,37,Male,0,221.32,302.0,20.0,9,26,43,26,0
2046,31,Male,21,4260.0,317.0,9.0,4,6,14,28,1
2047,53,Male,45,700.94,14.0,2.0,6,69,40,2,1
2048,32,Female,42,2445.79,345.0,23.0,3,7,47,25,1
2049,24,Female,19,2627.31,19.0,28.0,2,52,25,6,1
2050,61,Female,23,1521.29,585.0,3.0,8,32,22,16,1
2051,62,Female,17,6099.44,118.0,16.0,4,89,43,8,1
2052,42,Male,46,5081.35,49.0,29.0,3,48,42,26,1
2053,49,Female,50,2803.32,447.0,7.0,1,10,8,1,1
2054,27,Male,0,3348.75,352.0,23.0,5,44,27,14,0
2055,49,Male,5,2450.18,384.0,20.0,9,70,48,18,0
2056,30,Female,30,5244.47,417.0,24.0,8,37,8,17,1
2057,29,Female,36,2141.57,116.0,8.0,3,29,18,19,1
2058,43,Male,53,4559.92,427.0,13.0,0,49,17,17,1
2059,39,Male,35,3233.44,15.0,24.0,4,36,15,27,1
2060,39,Male,51,5887.78,221.0,20.0,2,47,23,5,1
2061,31,Male,37,4534.43,217.0,25.0,9,10,21,3,1
2062,22,Male,59,1439.04,299.0,10.0,7,31,27,27,1
2063,37,Male,13,2348.68,277.0,28.0,2,15,46,6,1
2064,20,Male,56,4259.47,214.0,6.0,4,67,42,1,1
2065,24,Female,51,5554.72,164.0,8.0,2,86,9,10,1
2066,27,Female,16,170.59,496.0,9.0,7,75,43,5,0
2067,45,Female,12,2529.03,550.0,1.0,2,79,20,6,1
2068,53,Female,56,1263.75,489.0,,3,82,33,11,1
2069,51,Male,56,4451.24,442.0,19.0,1,34,45,23,1
2070,60,Male,49,1380.14,119.0,0.0,8,66,19,2,1
2071,51,Female,31,6942.53,105.0,23.0,3,82,42,12,1
2072,47,Male,52,6863.31,597.0,13.0,6,35,24,17,1
2073,57,Female,39,3834.28,579.0,22.0,5,48,33,17,1
2074,18,Female,35,3467.31,181.0,18.0,1,12,14,25,1
2075,59,Female,33,1841.85,213.0,4.0,9,44,33,9,1
2076,19,Female,15,4644.92,339.0,16.0,0,55,36,27,1
2077,63,Male,23,5485.14,599.0,29.0,9,59,13,11,1
2078,35,Female,3,2822.59,8.0,15.0,5,10,39,7,0
2079,25,Female,19,6165.97,502.0,20.0,1,30,41,1,1
2080,61,Female,41,4004.11,374.0,11.0,2,71,33,6,1
2081,19,Female,26,1280.16,26.0,18.0,9,9,4,4,1
2082,41,Male,18,5643.1,455.0,14.0,4,86,3,2,1
2083,58,Male,40,6403.73,320.0,20.0,3,31,28,22,1
2084,34,Female,5,1443.15,512.0,25.0,6,44,39,26,1
2085,44,Female,47,5393.7,563.0,3.0,8,88,26,28,1
2086,55,Female,3,2379.33,377.0,5.0,6,56,17,8,0
2087,52,Male,14,423.58,591.0,28.0,1,26,13,19,1
2088,21,Male,45,4506.67,410.0,14.0,9,35,43,28,1
2089,31,Female,16,3256.4,,23.0,7,89,38,22,0
2090,38,Male,39,4120.92,499.0,11.0,6,86,43,4,1
2091,18,Female,7,5671.59,575.0,23.0,3,21,27,18,1
2092,55,Male,47,368.0,342.0,24.0,8,74,12,17,1
2093,47,Female,30,,161.0,16.0,1,78,48,14,1
2094,43,Female,10,2119.27,507.0,3.0,5,30,17,19,1
2095,35,Male,25,10641.08,509.0,0.0,7,23,24,11,1
2096,40,Female,39,1682.43,359.0,8.0,6,9,40,11,1
2097,61,Female,41,4309.18,524.0,25.0,5,32,7,3,1
2098,57,Male,10,4447.82,325.0,1.0,3,36,12,16,1
2099,49,Female,56,2330.72,585.0,28.0,9,11,25,24,1
2100,53,Male,29,2311.59,71.0,0.0,6,26,17,18,1
2101,61,Male,11,365.92,470.0,18.0,5,24,23,6,0
2102,37,Female,47,4381.02,291.0,5.0,8,68,33,17,1
2103,25,Female,36,4843.13,570.0,26.0,4,59,34,1,1
2104,26,Female,58,370.15,444.0,13.0,9,86,8,20,1
2105,29,Female,58,205.71,480.0,27.0,2,75,23,6,1
2106,44,Male,37,1167.44,579.0,17.0,1,17,9,29,1
2107,54,Male,58,,68.0,24.0,8,6,10,24,1
2108,20,Female,43,1728.36,180.0,20.0,8,29,22,23,1
2109,34,Male,57,4199.36,408.0,16.0,1,65,3,10,1
2110,18,Female,35,2400.8,94.0,6.0,2,45,18,19,1
2111,26,Female,29,6517.39,82.0,18.0,8,81,32,28,1
2112,33,Female,46,439.24,81.0,9.0,4,71,42,10,1
2113,19,Male,55,1543.38,368.0,27.0,4,60,3,7,1
2114,19,Male,12,6416.46,337.0,27.0,8,53,27,18,1
2115,60,Female,5,,320.0,20.0,9,44,6,27,1
2116,46,Male,27,4112.62,340.0,15.0,8,86,19,20,1
2117,44,Male,35,1197.9,71.0,6.0,2,43,39,24,1
2118,58,Male,11,5494.73,334.0,18.0,7,71,14,13,1
2119,53,Female,28,981.62,297.0,20.0,2,59,19,15,1
2120,64,Female,47,951.34,499.0,2.0,8,20,5,27,1
2121,39,Female,6,3621.6,53.0,20.0,8,55,0,20,0
2122,41,Female,53,718.5,93.0,29.0,0,56,16,27,1
2123,18,Female,10,1973.82,66.0,14.0,2,72,29,28,1
2124,38,Female,34,1225.32,364.0,9.0,6,57,11,16,1
2125,39,Female,43,3553.61,128.0,17.0,3,6,39,1,1
2126,61,Male,30,6008.25,484.0,9.0,8,31,36,16,1
2127,55,Male,8,63.8,521.0,26.0,4,22,47,14,1
2128,43,Female,7,4784.76,224.0,9.0,3,26,32,22,1
2129,50,Male,23,6944.18,326.0,1.0,8,84,5,7,1
2130,20,Male,16,441.19,41.0,12.0,6,66,28,4,0
2131,20,Male,57,5160.26,64.0,1.0,9,10,2,28,1
2132,59,Female,25,3289.17,510.0,11.0,5,54,3,13,1
2133,20,Female,40,6219.04,488.0,3.0,4,88,47,23,1
2134,18,Female,58,746.48,419.0,2.0,6,59,35,1,1
2135,44,Female,22,3410.37,87.0,28.0,3,24,40,16,0
2136,44,Female,42,5856.72,574.0,0.0,9,25,35,4,1
2137,24,Male,46,5762.18,407.0,28.0,3,20,12,23,1
2138,61,Female,49,530.94,431.0,26.0,3,12,47,27,1
2139,56,Female,57,626.37,441.0,29.0,7,37,14,1,1
2140,43,Male,8,6986.29,171.0,6.0,8,6,3,8,1
2141,48,Male,41,5800.9,422.0,29.0,9,54,42,14,1
2142,38,Male,13,2183.89,224.0,21.0,9,49,47,21,0
2143,38,Female,55,1932.15,148.0,20.0,0,74,6,29,1
2144,64,Male,33,3372.09,226.0,7.0,5,26,32,0,1
2145,38,Female,58,4610.63,554.0,18.0,4,39,44,6,1
2146,27,Male,33,4145.25,69.0,9.0,0,30,24,29,1
2147,25,Female,47,2795.7,17.0,12.0,9,35,29,4,1
2148,20,Female,31,2854.54,206.0,1.0,1,21,1,10,1
2149,57,Male,40,4956.77,292.0,2.0,3,36,15,3,1
2150,54,Male,23,6416.41,72.0,28.0,0,42,21,6,1
2151,56,Male,26,2861.6,,22.0,0,47,32,22,1
2152,35,Male,58,3418.25,203.0,2.0,6,39,1,28,1
2153,19,Male,49,3172.97,306.0,9.0,9,82,23,27,1
2154,23,Female,48,946.52,18.0,11.0,5,51,4,11,1
2155,25,Female,6,4037.54,440.0,23.0,2,17,6,9,1
2156,63,Female,32,456.83,,21.0,9,32,35,28,1
2157,36,Male,44,6718.82,508.0,22.0,6,75,3,26,1
2158,27,Male,51,6510.31,471.0,24.0,4,51,32,17,1
2159,47,Male,49,3505.62,49.0,21.0,5,78,27,14,1
2160,23,Female,24,,81.0,24.0,6,42,13,20,0
2161,45,Female,39,5145.15,237.0,2.0,3,5,45,14,1
2162,54,Female,45,2127.91,119.0,14.0,3,5,16,26,1
2163,45,Female,27,4117.07,292.0,9.0,9,76,35,7,1
2164,60,Male,16,3255.23,181.0,0.0,5,18,32,20,0
2165,32,Female,23,4128.07,238.0,4.0,9,31,1,18,1
2166,39,Male,11,2273.54,40.0,11.0,8,25,25,10,0
2167,33,Male,31,541.46,33.0,0.0,6,80,13,11,1
2168,51,Female,0,1485.36,572.0,10.0,4,45,41,2,1
2169,59,Male,37,5072.58,71.0,21.0,9,77,43,1,1
2170,28,Male,46,5267.33,286.0,28.0,2,73,11,21,1
2171,50,Female,7,926.05,144.0,14.0,0,80,20,14,1
2172,43,Female,129,5182.02,439.0,28.0,6,0,44,8,1
2173,46,Male,26,5952.22,145.0,27.0,6,8,37,12,1
2174,64,Male,26,5365.21,518.0,26.0,5,0,17,12,1
2175,27,Male,1,2679.3,374.0,0.0,7,36,41,14,0
2176,52,Female,33,6838.44,411.0,10.0,2,54,24,4,1
2177,55,Female,5,5178.2,219.0,6.0,7,57,9,15,1
2178,25,Male,0,2442.36,509.0,24.0,0,61,27,22,1
2179,34,Male,16,5840.15,520.0,4.0,9,57,25,25,1
2180,43,Male,10,3971.65,25.0,13.0,3,71,28,12,0
2181,36,Male,14,890.96,257.0,6.0,5,23,25,13,0
2182,35,Female,13,2815.33,528.0,19.0,1,68,27,1,1
2183,26,Female,25,2268.87,508.0,12.0,5,25,35,4,1
2184,58,Male,6,6372.16,575.0,13.0,6,35,21,2,1
2185,25,Female,11,2745.28,203.0,22.0,5,69,35,14,0
2186,18,Female,2,6908.18,389.0,17.0,6,26,41,21,1
2187,43,Male,34,,54.0,21.0,3,24,19,28,1
2188,41,Male,54,1667.65,523.0,24.0,9,47,36,23,1
2189,42,Female,25,1768.83,98.0,29.0,1,0,5,8,1
2190,36,Female,48,2720.0,267.0,19.0,8,39,3,24,1
2191,37,Male,28,1240.48,70.0,2.0,3,56,11,10,1
2192,21,Female,36,3099.39,291.0,11.0,7,86,20,2,1
2193,25,Male,55,630.93,105.0,29.0,1,16,48,4,1
2194,35,Male,26,2010.91,293.0,10.0,3,69,37,3,1
2195,60,Female,42,3681.8,311.0,29.0,7,8,12,2,1
2196,48,Male,7,1148.08,133.0,13.0,5,83,47,21,0
2197,43,Female,7,8741.44,543.0,26.0,9,35,32,10,1
2198,49,Female,14,2916.21,214.0,15.0,7,76,11,16,0
2199,26,Female,40,3958.19,30.0,5.0,8,34,2,24,1
2200,34,Male,32,2325.56,300.0,14.0,6,44,41,5,1
2201,32,Female,20,6621.42,142.0,6.0,5,35,33,19,1
2202,41,Female,2,488.23,255.0,16.0,2,89,33,29,1
2203,54,Male,28,319.24,17.0,0.0,3,50,38,16,1
2204,28,Male,41,1403.33,249.0,4.0,2,55,32,0,1
2205,24,Male,56,531.22,251.0,13.0,5,71,11,23,1
2206,37,Female,3,4204.95,421.0,7.0,1,22,5,9,1
2207,43,Female,23,1624.88,591.0,20.0,6,46,20,7,1
2208,32,Male,8,2922.17,248.0,25.0,5,75,18,12,0
2209,19,Male,30,5058.54,215.0,28.0,1,27,42,25,1
2210,32,Male,9,4340.96,33.0,27.0,6,46,44,29,1
2211,57,Female,48,2327.23,36.0,2.0,6,48,49,10,1
2212,54,Male,53,4167.41,50.0,25.0,7,32,28,27,1
2213,34,Male,51,5884.97,321.0,8.0,2,88,38,18,1
2214,51,Male,18,4386.09,61.0,22.0,8,64,19,10,1
2215,64,Female,15,737.21,319.0,11.0,3,35,0,20,0
2216,20,Female,56,5590.31,190.0,29.0,1,10,7,28,1
2217,35,Female,1,2135.2,552.0,13.0,7,80,8,24,1
2218,41,Male,40,5779.2,579.0,13.0,5,36,32,14,1
2219,53,Male,25,3690.62,380.0,26.0,7,73,14,21,0
2220,35,Female,47,3727.47,563.0,,9,52,32,4,1
2221,43,Female,24,2776.28,244.0,11.0,3,21,35,4,0
2222,36,Female,58,4985.71,102.0,8.0,9,5,34,0,1
2223,23,Male,54,3468.43,337.0,3.0,8,76,8,25,1
2224,39,Female,17,,183.0,13.0,5,80,26,19,1
2225,45,Male,47,4499.28,119.0,4.0,5,45,24,21,1
2226,38,Male,11,3101.87,262.0,10.0,3,7,14,10,0
2227,48,Female,11,6716.32,13.0,29.0,7,59,26,11,1
2228,64,Female,6,5530.71,114.0,23.0,9,32,13,5,1
2229,38,Male,55,4103.82,211.0,14.0,8,1,46,4,1
2230,21,Female,27,5634.94,542.0,28.0,3,77,11,22,1
2231,59,Female,9,2977.47,,17.0,0,0,8,6,1
2232,19,Male,31,2020.08,98.0,5.0,7,30,14,24,1
2233,60,Male,12,2763.07,301.0,8.0,5,17,33,17,0
2234,57,Male,1,157.02,395.0,4.0,1,4,5,2,1
2235,33,Female,41,6155.6,41.0,15.0,3,50,13,11,1
2236,51,Female,55,3032.84,445.0,22.0,3,6,15,20,1
2237,24,Female,38,4169.18,449.0,20.0,5,86,47,7,1
2238,22,Female,19,2063.46,521.0,18.0,8,80,1,19,1
2239,28,Female,24,5752.35,331.0,19.0,4,37,17,12,1
2240,25,Male,1,1354.21,277.0,14.0,5,75,41,13,0
2241,58,Female,25,3296.44,317.0,21.0,9,86,32,10,0
2242,45,Female,9,3568.14,49.0,16.0,4,32,4,18,0
2243,24,Female,35,3840.94,264.0,11.0,9,83,27,15,1
2244,64,Male,6,2246.97,111.0,0.0,4,9,15,5,0
2245,63,Male,49,2835.73,455.0,8.0,9,24,16,5,1
2246,42,Male,39,3885.11,302.0,1.0,5,5,42,6,1
2247,31,Male,33,4886.07,503.0,5.0,8,9,36,11,1
2248,33,Male,43,3288.8,163.0,24.0,1,78,29,7,1
2249,52,Female,1,1418.5,95.0,8.0,5,34,22,29,0
2250,33,Male,57,887.18,587.0,11.0,5,4,24,21,1
2251,21,Female,15,3504.73,155.0,13.0,3,50,30,5,0
2252,36,Male,35,200.68,475.0,6.0,1,41,9,29,1
2253,52,Male,37,4862.62,216.0,21.0,3,21,39,26,1
2254,50,Male,19,2354.58,115.0,21.0,7,42,40,2,0
2255,39,Female,27,3701.69,500.0,13.0,4,21,0,5,1
2256,35,Male,42,6197.55,8.0,27.0,9,52,33,8,1
2257,61,Male,11,2801.27,381.0,13.0,5,19,35,7,0
2258,33,Male,31,6892.52,158.0,11.0,1,30,45,8,1
2259,64,Male,30,3553.7,337.0,2.0,8,9,42,27,1
2260,28,Male,8,1677.05,389.0,12.0,5,72,26,4,0
2261,41,Male,36,6914.29,195.0,24.0,2,69,4,22,1
2262,60,Female,17,2767.41,245.0,14.0,4,36,6,28,0
2263,61,Male,17,3069.37,298.0,14.0,2,11,31,7,1
2264,25,Female,13,6631.15,146.0,12.0,2,63,41,21,1
2265,37,Female,39,5183.35,446.0,7.0,2,66,8,6,1
2266,27,Male,3,4476.0,209.0,21.0,2,61,41,23,1
2267,20,Female,24,4803.69,287.0,7.0,8,61,18,16,1
2268,64,Male,2,2667.47,264.0,11.0,0,34,48,14,1
2269,62,Male,9,4130.48,453.0,26.0,2,83,26,20,1
2270,34,Female,6,2804.76,368.0,28.0,8,82,33,1,0
2271,63,Male,33,1578.62,216.0,4.0,7,15,6,7,1
2272,51,Female,19,3130.8,276.0,27.0,6,89,40,21,0
2273,50,Male,57,4426.74,237.0,23.0,0,32,39,23,1
2274,50,Male,13,4557.04,458.0,27.0,2,71,17,14,1
2275,40,Male,44,1776.5,91.0,26.0,4,39,24,20,1
2276,59,Female,15,927.48,271.0,29.0,5,48,44,17,0
2277,20,Female,26,2973.87,265.0,5.0,7,54,33,8,1
2278,33,Male,56,299.49,305.0,6.0,0,53,10,0,1
2279,36,Female,31,6668.63,6.0,15.0,5,62,10,25,1
2280,48,Male,43,5024.87,254.0,2.0,9,66,29,11,1
2281,46,Female,8,4221.89,516.0,10.0,5,62,43,22,1
2282,63,Male,27,365.03,404.0,,4,38,16,24,1
2283,43,Female,0,1928.63,481.0,12.0,1,38,1,29,1
2284,18,Female,31,904.06,,12.0,9,68,10,15,1
2285,38,Female,58,6885.37,271.0,7.0,4,56,6,1,1
2286,58,Female,58,623.77,299.0,15.0,5,19,45,23,1
2287,47,Female,58,777.72,557.0,14.0,0,89,9,1,1
2288,40,Female,14,5293.58,593.0,11.0,1,52,14,13,1
2289,47,Female,23,,399.0,3.0,4,81,22,10,1
2290,48,Male,52,6721.71,401.0,10.0,9,43,21,20,1
2291,39,Female,9,1413.08,458.0,10.0,4,73,6,28,0
2292,45,Female,35,584.16,123.0,27.0,5,87,14,28,1
2293,59,Female,39,3622.99,332.0,9.0,7,55,37,18,1
2294,19,Male,51,125.69,42.0,20.0,3,15,13,6,1
2295,52,Female,23,530.27,87.0,10.0,8,56,11,9,0
2296,27,Female,36,5024.83,560.0,4.0,4,40,3,1,1
2297,59,Female,49,12061.46,272.0,8.0,0,55,17,3,1
2298,48,Male,49,4298.74,309.0,18.0,6,51,12,0,1
2299,61,Male,27,3887.71,551.0,9.0,4,69,46,22,1
2300,53,Male,57,5784.37,42.0,29.0,7,29,46,0,1
2301,59,Male,11,5074.79,504.0,3.0,4,33,16,19,1
2302,36,Female,56,4336.32,97.0,12.0,6,28,30,23,1
2303,22,Male,56,862.01,439.0,3.0,8,80,47,16,1
2304,19,Female,50,3663.48,428.0,27.0,3,47,17,19,1
2305,58,Female,39,4307.73,217.0,20.0,6,55,16,20,1
2306,27,Female,25,2815.69,599.0,24.0,0,37,2,6,1
2307,33,Male,15,1204.33,225.0,10.0,0,25,6,11,1
2308,37,Male,17,531.63,128.0,4.0,6,42,32,12,0
2309,41,Female,0,6862.83,274.0,20.0,3,63,0,6,1
2310,21,Male,56,3369.09,151.0,3.0,7,51,10,5,1
2311,62,Female,47,3844.59,303.0,7.0,7,60,26,22,1
2312,30,Female,16,5767.64,487.0,24.0,2,27,12,13,1
2313,64,Male,20,2010.69,20.0,3.0,0,31,46,3,1
2314,45,Male,42,2626.68,326.0,25.0,9,24,45,8,1
2315,51,Male,0,1338.96,346.0,11.0,6,68,46,0,0
2316,32,Male,165,,199.0,7.0,1,26,16,2,1
2317,24,Female,42,848.62,416.0,22.0,7,82,9,11,0
2318,64,Female,8,4631.41,515.0,0.0,7,79,3,15,1
2319,31,Female,20,1560.25,338.0,19.0,1,23,23,3,1
2320,24,Female,26,1465.94,553.0,12.0,4,5,5,23,1
2321,56,Male,11,178.72,209.0,25.0,7,7,21,19,0
2322,37,Male,23,1225.12,154.0,22.0,2,35,36,28,1
2323,60,Male,20,6394.42,410.0,7.0,8,18,0,0,1
2324,38,Female,17,712.39,215.0,7.0,1,63,29,1,1
2325,32,Male,52,55.44,,6.0,9,86,8,8,1
2326,39,Male,5,5897.23,466.0,19.0,9,38,47,26,1
2327,43,Male,34,3993.99,24.0,0.0,8,71,13,8,1
2328,40,Male,48,3113.76,209.0,7.0,5,71,35,20,1
2329,42,Female,44,765.48,456.0,17.0,2,21,36,1,1
2330,41,Female,21,6754.52,361.0,11.0,6,31,40,29,1
2331,36,Male,56,4902.95,241.0,10.0,9,20,6,28,1
2332,63,Female,56,1606.64,536.0,13.0,9,6,31,26,1
2333,27,Male,58,2047.0,239.0,7.0,2,13,45,29,1
2334,34,Male,59,4023.34,212.0,7.0,7,5,41,3,1
2335,60,Male,36,6335.76,255.0,23.0,9,41,37,7,1
2336,20,Male,53,2481.96,138.0,16.0,2,50,7,29,1
2337,41,Female,57,6439.42,466.0,20.0,9,18,15,12,1
2338,18,Male,0,2938.25,144.0,13.0,0,37,2,2,1
2339,23,Female,52,4504.39,63.0,18.0,4,63,4,29,1
2340,43,Male,40,4924.07,285.0,7.0,0,51,24,26,1
2341,35,Female,28,4419.02,328.0,8.0,1,87,24,1,1
2342,43,Male,26,4009.43,432.0,6.0,1,51,27,5,1
2343,46,Female,52,104.15,172.0,20.0,3,48,19,3,1
2344,19,Female,54,3271.78,349.0,17.0,3,52,16,25,1
2345,62,Male,37,3857.72,486.0,8.0,5,42,22,18,1
2346,43,Female,44,3587.98,374.0,22.0,1,76,1,1,1
2347,42,Female,42,1121.19,150.0,7.0,3,62,5,11,1
2348,55,Male,59,2162.13,286.0,11.0,4,72,28,21,1
2349,61,Female,55,914.69,375.0,10.0,7,44,11,8,1
2350,25,Male,90,1412.17,135.0,9.0,6,62,46,3,1
2351,58,Male,56,157.07,72.0,23.0,7,19,34,6,1
2352,62,Male,5,4365.82,449.0,13.0,7,60,19,10,1
2353,35,Male,25,1337.77,241.0,15.0,7,32,30,22,0
2354,63,Female,9,240.41,357.0,21.0,5,28,42,12,0
2355,57,Female,22,267.76,265.0,16.0,9,12,15,18,0
2356,62,Male,46,2612.67,439.0,25.0,3,14,41,29,1
2357,59,Female,26,5648.3,393.0,1.0,7,13,43,25,1
2358,18,Male,20,756.16,92.0,18.0,9,50,27,1,0
2359,62,Female,50,4917.94,475.0,24.0,8,46,6,5,1
2360,19,Male,0,4199.04,165.0,7.0,2,66,48,4,1
2361,62,Female,13,2107.69,19.0,5.0,2,64,30,22,1
2362,61,Male,59,2010.35,333.0,28.0,4,12,15,19,1
2363,27,Male,30,6485.53,594.0,11.0,8,10,12,18,1
2364,38,Female,1,1330.0,587.0,10.0,9,28,41,0,1
2365,58,Female,29,2459.01,479.0,21.0,6,35,32,1,1
2366,53,Male,35,2330.24,374.0,29.0,0,82,13,27,1
2367,19,Male,47,1115.48,190.0,6.0,2,8,16,24,1
2368,25,Female,42,664.51,250.0,19.0,0,45,10,26,1
2369,49,Female,16,6750.37,297.0,22.0,1,18,12,26,1
2370,59,Male,44,4882.1,488.0,,0,76,39,26,1
2371,47,Male,29,343.47,440.0,24.0,4,74,28,11,1
2372,41,Male,18,4200.9,123.0,3.0,7,69,2,24,1
2373,36,Male,2,3799.46,540.0,1.0,6,22,5,12,1
2374,32,Male,45,169.8,173.0,27.0,0,73,36,5,1
2375,24,Female,6,2304.78,228.0,6.0,3,41,11,7,0
2376,25,Male,15,3238.51,147.0,26.0,3,18,38,1,0
2377,36,Male,5,2403.74,552.0,4.0,8,80,49,27,1
2378,30,Male,37,4075.26,368.0,,6,17,47,2,1
2379,60,Male,52,3459.2,583.0,20.0,8,50,18,4,1
2380,19,Female,10,4723.68,115.0,11.0,4,70,33,9,1
2381,48,Female,42,5672.62,313.0,7.0,5,70,15,27,1
2382,48,Male,1,1471.07,369.0,15.0,8,61,43,10,0
2383,63,Female,35,2352.78,402.0,7.0,6,74,19,20,1
2384,58,Male,11,5241.85,308.0,4.0,7,23,49,8,1
2385,48,Female,41,5477.53,397.0,15.0,3,21,30,28,1
2386,21,Female,12,1196.57,22.0,17.0,5,25,45,10,0
2387,35,Male,38,4443.93,382.0,13.0,0,31,24,16,1
2388,26,Female,43,6596.23,24.0,18.0,8,80,22,15,1
2389,47,Male,24,1629.9,239.0,12.0,0,72,17,10,1
2390,30,Male,12,122.9,538.0,28.0,9,46,37,3,1
2391,53,Female,54,4289.86,436.0,0.0,2,8,10,29,1
2392,58,Female,20,1851.08,431.0,14.0,8,31,35,16,0
2393,50,Male,47,1828.95,136.0,22.0,3,26,36,5,1
2394,50,Female,138,460.52,464.0,14.0,8,51,46,1,1
2395,54,Female,5,4544.39,422.0,8.0,4,42,30,20,1
2396,43,Female,27,4466.59,238.0,29.0,9,7,38,18,1
2397,46,Male,11,2527.65,276.0,28.0,3,52,19,21,0
2398,37,Male,32,6902.02,317.0,14.0,1,34,38,10,1
2399,28,Female,8,6127.34,483.0,24.0,6,28,32,20,1
2400,45,Female,2,873.66,437.0,3.0,7,36,45,0,0
2401,52,Female,0,2567.75,551.0,18.0,0,3,21,17,1
2402,39,Male,9,5743.35,440.0,2.0,7,60,44,20,1
2403,42,Female,59,6535.16,492.0,3.0,2,50,46,28,1
2404,52,Female,5,183.43,482.0,11.0,8,85,0,23,0
2405,49,Female,8,6114.7,538.0,28.0,9,67,35,6,1
2406,34,Female,23,6890.4,301.0,12.0,6,21,31,8,1
2407,48,Female,1,6407.2,120.0,19.0,5,63,23,7,1
2408,29,Male,53,1156.6,391.0,22.0,3,28,14,24,1
2409,53,Male,44,3383.87,386.0,7.0,6,85,7,8,1
2410,45,Male,25,2681.71,398.0,17.0,1,10,26,22,1
2411,60,Female,44,4106.85,238.0,2.0,4,49,33,25,1
2412,33,Male,13,805.02,92.0,,5,73,18,18,0
2413,22,Female,42,1093.21,307.0,25.0,1,55,28,6,1
2414,62,Male,52,3688.03,374.0,13.0,0,25,49,18,1
2415,49,Male,54,,539.0,,9,24,38,15,1
2416,51,Male,37,1149.78,5.0,20.0,7,6,35,17,1
2417,40,Female,59,3570.54,436.0,25.0,2,68,38,17,1
2418,50,Male,2,,519.0,29.0,2,45,47,8,1
2419,21,Male,35,6162.16,200.0,19.0,4,56,11,12,1
2420,40,Female,42,3853.04,228.0,29.0,8,42,14,25,1
2421,19,Female,31,2245.34,314.0,11.0,1,49,36,21,1
2422,41,Male,58,3202.28,369.0,6.0,9,5,37,28,1
2423,34,Female,17,1573.9,127.0,12.0,9,80,23,9,0
2424,49,Female,18,4159.27,170.0,29.0,6,82,19,14,1
2425,64,Female,34,,130.0,3.0,1,15,28,24,1
2426,61,Female,6,6097.15,536.0,7.0,3,4,28,15,1
2427,20,Male,25,2035.15,562.0,7.0,2,83,37,27,1
2428,63,Male,4,2125.84,128.0,1.0,8,0,8,23,0
2429,31,Female,51,59.53,282.0,21.0,2,14,9,7,1
2430,50,Male,53,2417.09,334.0,25.0,3,72,45,25,1
2431,57,Female,45,2668.18,272.0,14.0,1,50,29,29,1
2432,22,Male,10,3867.6,409.0,11.0,7,67,6,25,0
2433,50,Female,58,3083.35,416.0,11.0,7,39,45,15,1
2434,22,Female,4,5114.42,566.0,15.0,9,83,33,7,1
2435,36,Male,54,1841.24,389.0,15.0,4,53,26,27,1
2436,33,Female,30,1500.49,393.0,29.0,6,20,11,24,1
2437,59,Female,37,6984.86,406.0,14.0,2,79,24,4,1
2438,58,Female,48,5869.19,595.0,21.0,4,20,22,9,1
2439,48,Male,48,582.88,521.0,16.0,5,88,42,16,1
2440,61,Female,41,1411.93,57.0,4.0,5,84,20,29,1
2441,20,Male,24,2731.73,95.0,6.0,6,7,7,11,0
2442,28,Female,51,3423.58,86.0,18.0,1,2,3,8,1
2443,18,Female,48,4910.2,155.0,5.0,6,15,9,19,1
2444,64,Male,10,3427.86,62.0,28.0,1,1,7,18,1
2445,23,Female,8,5573.43,272.0,22.0,8,23,45,20,1
2446,61,Male,2,6471.71,106.0,5.0,7,63,17,20,1
2447,29,Male,8,5165.73,313.0,18.0,4,16,3,0,1
2448,53,Female,9,3107.54,515.0,19.0,2,13,3,6,1
2449,55,Female,29,6969.99,203.0,15.0,3,37,24,20,1
2450,42,Female,19,,,1.0,3,52,1,14,0
2451,34,Male,45,5355.0,282.0,5.0,8,18,0,29,1
2452,25,Male,59,1393.1,,14.0,8,6,16,28,1
2453,44,Male,13,5882.2,255.0,24.0,4,43,30,3,1
2454,56,Male,33,6689.7,192.0,11.0,5,7,15,29,1
2455,35,Female,12,2362.54,109.0,4.0,0,65,13,28,1
2456,30,Female,41,5867.85,24.0,19.0,9,82,23,1,1
2457,42,Female,39,4408.52,109.0,7.0,3,80,6,15,1
2458,62,Female,33,1478.75,322.0,18.0,3,44,46,0,1
2459,44,Male,35,5620.01,319.0,16.0,2,77,25,12,1
2460,43,Female,25,5578.85,517.0,2.0,9,77,9,24,1
2461,24,Female,56,3283.6,472.0,23.0,6,31,19,17,1
2462,50,Male,15,5548.18,366.0,28.0,2,20,36,8,1
2463,20,Male,8,4886.81,258.0,8.0,1,53,19,16,1
2464,64,Female,14,,569.0,10.0,7,54,2,20,1
2465,28,Male,1,1644.71,281.0,13.0,1,42,7,16,1
2466,34,Female,8,5924.67,489.0,23.0,6,0,27,29,1
2467,41,Female,24,3047.6,379.0,,1,66,24,29,1
2468,57,Male,53,1553.78,272.0,27.0,6,35,10,22,1
2469,50,Male,18,3484.39,503.0,13.0,0,70,46,8,1
2470,46,Male,41,1664.06,303.0,6.0,1,56,26,20,1
2471,34,Female,41,5475.9,395.0,21.0,3,33,2,25,1
2472,39,Female,5,5563.93,375.0,22.0,9,11,47,23,1
2473,42,Female,11,1054.98,482.0,12.0,0,79,6,19,1
2474,29,Female,36,6976.03,239.0,20.0,0,14,48,18,1
2475,19,Male,10,6133.66,22.0,22.0,2,77,49,26,1
2476,29,Female,2,2951.56,192.0,10.0,3,1,41,24,0
2477,46,Female,26,6136.85,259.0,1.0,4,71,1,16,1
2478,27,Male,47,6443.59,73.0,19.0,5,9,24,2,1
2479,28,Female,37,4952.47,477.0,24.0,3,87,40,0,1
2480,53,Male,37,514.34,498.0,5.0,2,39,29,21,1
2481,64,Male,50,2853.1,343.0,,7,21,38,29,1
2482,22,Male,42,3687.65,63.0,5.0,5,75,25,7,1
2483,49,Female,54,1238.16,351.0,27.0,3,64,3,11,1
2484,59,Female,36,2246.19,106.0,20.0,5,84,44,18,1
2485,39,Male,13,4396.35,537.0,28.0,9,59,10,27,1
2486,27,Female,18,1702.07,348.0,29.0,3,73,7,4,0
2487,26,Male,54,2068.26,589.0,27.0,6,20,47,29,1
2488,46,Male,58,250.15,222.0,16.0,0,73,12,29,1
2489,57,Male,22,6119.16,13.0,28.0,3,48,44,21,1
2490,25,Male,5,4731.64,141.0,27.0,7,69,20,3,1
2491,36,Female,26,5688.63,152.0,1.0,7,12,17,13,1
2492,31,Male,20,5664.1,200.0,18.0,2,46,27,3,1
2493,43,Female,57,3487.24,310.0,3.0,0,77,3,28,1
2494,38,Male,135,5269.55,,2.0,0,2,34,18,1
2495,62,Male,39,2241.67,115.0,23.0,8,71,38,28,1
2496,57,Female,3,6355.36,159.0,16.0,4,78,2,12,1
2497,28,Female,43,5769.78,276.0,23.0,2,58,29,29,1
2498,59,Female,39,6052.29,76.0,22.0,9,63,44,27,1
2499,22,Male,28,5198.96,237.0,9.0,3,72,8,19,1
2500,62,Female,51,201.65,312.0,,5,67,48,18,1
2501,52,Female,40,4083.19,413.0,15.0,7,28,3,3,1
2502,41,Female,57,616.83,,7.0,9,75,18,13,1
2503,28,Female,28,5184.12,344.0,,4,16,42,13,1
2504,52,Female,18,1238.74,216.0,27.0,8,36,0,1,0
2505,34,Male,28,4206.02,107.0,23.0,6,5,10,6,1
2506,19,Female,37,3847.85,595.0,16.0,0,70,5,6,1
2507,50,Male,19,6094.88,56.0,13.0,7,75,36,3,1
2508,59,Female,21,4794.88,157.0,16.0,6,63,26,14,1
2509,38,Male,144,3665.7,484.0,14.0,9,17,44,29,1
2510,30,Male,10,4116.6,,2.0,8,53,7,5,1
2511,64,Female,7,6207.56,475.0,16.0,2,57,31,14,1
2512,24,Male,12,618.11,315.0,1.0,0,45,41,16,1
2513,30,Female,49,1831.03,216.0,29.0,8,9,16,11,1
2514,51,Male,17,1958.01,541.0,,5,21,12,28,1
2515,51,Male,50,5329.91,492.0,6.0,7,57,28,25,1
2516,52,Female,87,5578.71,277.0,9.0,0,77,23,23,1
2517,51,Female,25,5517.74,246.0,0.0,2,70,43,21,1
2518,28,Male,16,1036.01,73.0,2.0,8,38,23,5,0
2519,45,Female,49,5380.51,98.0,28.0,6,83,32,3,1
2520,40,Male,58,5782.61,415.0,14.0,4,48,6,18,1
2521,36,Male,31,1971.31,469.0,27.0,2,57,49,6,1
2522,36,Female,54,5334.16,62.0,9.0,5,62,11,15,1
2523,59,Female,53,3448.0,332.0,5.0,1,27,40,3,1
2524,54,Female,45,6878.01,304.0,10.0,4,84,2,3,1
2525,27,Male,15,3935.43,231.0,27.0,0,82,37,11,1
2526,36,Female,54,5072.97,24.0,23.0,8,5,6,5,1
2527,28,Male,25,459.08,91.0,0.0,7,87,28,19,0
2528,43,Male,39,,390.0,24.0,4,14,5,22,1
2529,47,Male,51,2004.73,532.0,21.0,5,83,43,8,1
2530,53,Male,20,2351.86,179.0,22.0,2,24,0,11,1
2531,19,Female,20,4805.2,43.0,4.0,9,26,14,14,1
2532,48,Male,38,393.18,338.0,5.0,8,40,49,1,1
2533,51,Female,20,1001.35,7.0,22.0,6,1,5,28,0
2534,23,Male,9,,569.0,17.0,6,61,37,26,1
2535,30,Female,45,4195.64,595.0,22.0,3,20,15,1,1
2536,60,Female,22,241.94,532.0,7.0,7,12,7,21,1
2537,42,Male,40,1437.09,260.0,19.0,6,63,12,4,1
2538,34,Male,33,3201.33,208.0,4.0,2,8,32,3,1
2539,19,Male,45,2775.16,198.0,3.0,0,20,32,19,1
2540,22,Female,26,12250.76,14.0,,6,89,11,18,1
2541,46,Female,22,2608.71,252.0,23.0,3,60,45,21,0
2542,57,Male,17,4395.54,199.0,25.0,8,8,29,16,1
2543,45,Female,9,89.58,286.0,6.0,2,39,8,15,1
2544,33,Female,96,3653.74,426.0,24.0,2,40,7,4,1
2545,54,Female,27,6784.26,556.0,27.0,3,33,10,1,1
2546,42,Male,15,2501.55,572.0,13.0,2,5,14,21,1
2547,44,Male,14,3069.8,526.0,24.0,8,56,15,15,1
2548,46,Male,11,1332.82,373.0,7.0,8,53,41,16,0
2549,59,Male,3,460.1,75.0,14.0,2,67,34,24,1
2550,58,Female,59,3548.38,79.0,5.0,6,27,0,20,1
2551,50,Female,49,3171.67,420.0,17.0,3,23,34,21,1
2552,22,Male,34,1489.73,128.0,1.0,2,76,22,3,1
2553,22,Female,19,1232.23,428.0,20.0,9,87,27,7,0
2554,24,Male,30,6218.41,538.0,29.0,2,88,6,9,1
2555,39,Female,3,6324.74,121.0,0.0,0,9,46,9,1
2556,41,Male,42,5981.86,72.0,7.0,6,67,29,26,1
2557,56,Male,14,3631.24,176.0,12.0,7,18,37,24,0
2558,23,Female,43,5912.07,567.0,24.0,8,0,10,9,1
2559,23,Female,35,1162.97,534.0,10.0,2,57,40,13,1
2560,60,Female,26,2414.71,575.0,2.0,8,6,18,5,1
2561,41,Female,27,1174.54,419.0,25.0,4,36,1,29,1
2562,54,Male,37,7874.98,357.0,6.0,0,23,6,29,1
2563,40,Male,22,5303.33,297.0,19.0,5,79,44,28,1
2564,35,Female,26,502.13,184.0,8.0,2,28,23,21,1
2565,23,Female,0,2120.1,483.0,13.0,0,34,7,11,1
2566,18,Male,14,2264.06,5.0,18.0,4,76,43,4,0
2567,21,Male,129,1156.7,167.0,5.0,0,8,23,16,1
2568,51,Male,57,3969.84,112.0,5.0,1,34,23,11,1
2569,25,Male,22,6302.12,466.0,19.0,7,22,36,14,1
2570,18,Male,33,821.39,148.0,15.0,6,81,11,15,1
2571,55,Female,13,941.6,484.0,5.0,6,81,11,18,0
2572,20,Male,40,4123.88,131.0,23.0,9,3,27,13,1
2573,25,Female,50,3586.52,31.0,12.0,6,41,18,24,1
2574,50,Male,3,5207.89,576.0,18.0,9,25,1,4,1
2575,19,Male,28,2800.62,586.0,23.0,6,3,4,8,1
2576,36,Female,12,3379.2,153.0,19.0,2,8,40,8,1
2577,50,Male,25,304.66,226.0,27.0,6,65,44,10,0
2578,56,Female,48,2581.42,580.0,13.0,6,80,35,14,1
2579,23,Male,20,2225.88,174.0,21.0,3,20,14,22,0
2580,36,Male,2,6223.42,247.0,12.0,4,32,32,16,1
2581,45,Male,3,1791.07,214.0,2.0,9,51,35,20,0
2582,45,Female,39,3427.09,57.0,3.0,9,47,47,5,1
2583,37,Female,1,,121.0,15.0,7,23,28,8,1
2584,27,Female,16,5889.96,127.0,17.0,4,78,16,2,1
2585,23,Male,21,9743.56,284.0,13.0,8,36,22,19,1
2586,59,Female,48,219.22,112.0,9.0,5,55,9,0,1
2587,33,Female,9,353.31,585.0,9.0,8,31,32,3,1
2588,26,Female,45,6147.86,291.0,29.0,7,6,35,10,1
2589,20,Female,25,4237.62,554.0,11.0,4,35,11,10,1
2590,56,Female,37,2986.67,95.0,27.0,3,82,29,11,1
2591,32,Female,21,2430.24,480.0,0.0,1,41,29,9,1
2592,27,Male,39,6731.35,,18.0,8,65,43,23,1
2593,24,Male,53,3907.52,355.0,2.0,3,61,2,23,1
2594,55,Male,8,6221.35,369.0,3.0,4,41,28,4,1
2595,46,Male,5,228.12,210.0,24.0,4,68,8,15,0
2596,39,Male,34,1681.3,537.0,11.0,6,52,15,8,1
2597,26,Female,31,3472.39,187.0,25.0,7,8,2,10,1
2598,48,Female,44,1557.21,22.0,13.0,1,58,19,9,1
2599,42,Female,48,5874.26,129.0,,5,42,24,12,1
2600,34,Female,24,985.73,191.0,24.0,0,19,3,19,1
2601,38,Female,13,333.88,263.0,7.0,7,43,32,3,0
2602,61,Male,16,1613.54,472.0,15.0,4,63,8,4,0
2603,22,Female,37,1074.15,155.0,22.0,9,65,48,24,1
2604,29,Female,43,3433.42,385.0,10.0,6,46,10,13,1
2605,32,Female,16,1497.45,210.0,11.0,2,42,44,26,1
2606,39,Female,6,6711.3,333.0,18.0,7,43,24,26,1
2607,26,Female,48,2749.01,451.0,12.0,6,14,31,13,1
2608,20,Male,36,5857.2,420.0,28.0,2,8,19,28,1
2609,57,Male,3,2024.05,462.0,2.0,9,83,33,17,0
2610,37,Female,53,7066.9,563.0,13.0,2,65,5,5,1
2611,49,Female,22,1675.92,124.0,28.0,2,16,38,19,1
2612,39,Female,5,132.42,113.0,9.0,8,43,26,0,0
2613,54,Female,5,1767.49,174.0,4.0,2,57,8,17,1
2614,52,Female,37,2244.11,259.0,10.0,1,76,11,12,1
2615,35,Female,31,2229.04,92.0,22.0,9,71,5,9,1
2616,20,Male,43,5735.95,143.0,25.0,2,6,45,1,1
2617,26,Male,35,6229.69,148.0,27.0,2,88,36,3,1
2618,36,Female,29,6089.03,7.0,12.0,4,46,39,11,1
2619,30,Male,5,6238.3,25.0,6.0,8,56,35,24,1
2620,55,Female,52,769.93,116.0,29.0,3,66,0,20,1
2621,35,Male,1,5485.02,324.0,0.0,1,35,7,1,1
2622,29,Male,32,4804.25,401.0,29.0,1,3,17,27,1
2623,20,Female,22,3488.45,,15.0,3,58,39,27,0
2624,63,Female,21,4508.47,406.0,11.0,0,49,3,16,1
2625,40,Female,23,2635.34,428.0,2.0,4,69,5,15,0
2626,62,Female,27,5078.62,380.0,28.0,9,39,26,29,1
2627,60,Male,3,6405.04,,19.0,9,80,18,24,1
2628,22,Female,15,306.88,,4.0,9,69,2,15,0
2629,53,Male,44,2337.5,20.0,25.0,5,78,38,0,1
2630,37,Male,19,5236.07,540.0,9.0,7,22,35,1,1
2631,31,Female,37,4298.84,524.0,13.0,1,75,28,25,1
2632,55,Male,53,,49.0,7.0,9,34,46,25,1
2633,38,Male,49,3259.78,64.0,13.0,9,24,7,9,1
2634,53,Male,23,3797.01,538.0,20.0,0,28,13,16,1
2635,63,Male,14,6509.64,523.0,26.0,4,17,9,26,1
2636,42,Female,55,3771.68,253.0,9.0,0,75,5,14,1
2637,26,Female,11,768.34,327.0,26.0,9,8,16,21,0
2638,53,Male,3,1829.19,18.0,12.0,9,14,22,28,0
2639,43,Female,7,1434.71,,25.0,5,19,24,7,0
2640,60,Female,34,2096.34,432.0,12.0,1,19,2,9,1
2641,21,Male,8,5719.34,584.0,2.0,9,38,16,18,1
2642,56,Female,0,1510.37,526.0,,2,18,22,24,1
2643,22,Female,36,4176.39,463.0,26.0,7,89,6,19,1
2644,26,Female,5,2795.72,329.0,27.0,5,41,14,22,0
2645,47,Female,58,5920.2,581.0,12.0,7,73,45,12,1
2646,53,Male,49,2196.43,377.0,14.0,8,27,20,18,1
2647,18,Male,35,834.17,134.0,,5,26,16,29,1
2648,33,Male,12,,314.0,7.0,9,83,17,29,0
2649,45,Male,99,852.77,494.0,13.0,8,68,11,9,1
2650,19,Female,55,2480.64,177.0,15.0,9,64,25,16,1
2651,18,Male,14,2367.19,443.0,,7,79,4,29,0
2652,28,Female,9,4582.36,512.0,28.0,5,30,21,9,1
2653,30,Female,29,6892.7,259.0,24.0,3,55,26,6,1
2654,41,Female,132,1394.19,541.0,16.0,1,32,32,15,1
2655,55,Male,41,6357.83,192.0,22.0,6,82,1,25,1
2656,58,Male,47,5538.61,203.0,20.0,3,26,44,2,1
2657,41,Female,38,4943.52,398.0,17.0,2,72,46,5,1
2658,23,Male,18,,419.0,16.0,3,26,7,24,0
2659,24,Female,49,5997.16,100.0,13.0,0,70,42,18,1
2660,21,Female,25,6905.61,294.0,25.0,0,54,27,21,1
2661,30,Male,8,6614.01,23.0,6.0,9,70,18,6,1
2662,30,Female,42,2209.95,110.0,23.0,2,78,15,5,1
2663,59,Female,25,2274.54,85.0,9.0,3,64,34,23,0
2664,45,Male,9,254.97,143.0,2.0,1,7,24,17,1
2665,18,Female,22,3700.78,431.0,26.0,6,60,36,10,0
2666,38,Female,44,993.37,171.0,1.0,1,50,13,6,1
2667,19,Male,2,4108.51,478.0,1.0,2,26,17,8,1
2668,64,Male,1,3675.24,185.0,,6,55,24,12,0
2669,30,Male,1,1373.03,285.0,27.0,8,32,2,14,0
2670,28,Male,0,5762.86,465.0,16.0,6,72,43,2,1
2671,50,Female,50,3467.8,513.0,7.0,0,83,8,26,1
2672,64,Female,32,3726.61,387.0,5.0,4,14,41,2,1
2673,35,Female,19,5155.79,388.0,24.0,7,0,22,5,1
2674,57,Male,51,2015.08,530.0,26.0,6,15,15,7,1
2675,19,Male,0,3052.65,384.0,6.0,2,81,38,7,1
2676,36,Male,9,3282.33,596.0,17.0,2,40,47,26,1
2677,55,Male,29,5987.94,158.0,19.0,7,8,28,22,1
2678,24,Female,33,4981.64,478.0,,8,4,26,13,1
2679,56,Female,46,3310.33,174.0,11.0,2,38,2,20,1
2680,51,Female,29,6221.81,435.0,17.0,4,79,24,29,1
2681,60,Male,16,1425.35,249.0,22.0,7,71,2,10,0
2682,32,Female,41,6754.7,411.0,14.0,7,47,43,29,1
2683,50,Female,43,3022.49,129.0,21.0,6,23,40,20,1
2684,43,Male,46,282.02,253.0,19.0,1,19,16,4,1
2685,62,Male,9,486.21,431.0,17.0,3,83,28,18,0
2686,55,Female,24,468.94,267.0,4.0,3,29,19,24,0
2687,32,Female,52,9230.12,581.0,27.0,8,28,30,11,1
2688,52,Female,36,11567.96,495.0,23.0,1,82,40,12,1
2689,23,Male,36,3461.55,111.0,8.0,7,87,23,19,1
2690,45,Female,37,3900.62,305.0,7.0,2,42,17,29,1
2691,52,Female,1,754.56,202.0,16.0,9,61,33,4,0
2692,48,Male,28,4690.02,250.0,7.0,8,71,15,20,1
2693,18,Male,40,4958.64,484.0,4.0,7,73,5,11,1
2694,60,Female,30,2385.71,306.0,27.0,1,84,43,20,1
2695,57,Female,40,3885.33,302.0,9.0,6,54,0,26,1
2696,60,Female,28,1707.41,556.0,9.0,3,14,38,29,1
2697,53,Female,47,767.17,14.0,14.0,9,25,32,21,1
2698,39,Female,36,2219.47,,16.0,6,66,4,20,1
2699,22,Female,4,2907.32,558.0,19.0,1,69,3,5,1
2700,52,Male,26,3132.15,270.0,1.0,1,81,24,17,1
2701,53,Male,30,705.22,37.0,22.0,8,80,14,21,1
2702,54,Male,7,2988.76,309.0,28.0,4,55,13,22,0
2703,30,Female,55,6943.35,,9.0,6,71,15,15,1
2704,51,Female,38,462.57,590.0,9.0,6,51,0,2,1
2705,30,Female,6,5107.88,401.0,9.0,1,33,41,11,1
2706,37,Female,6,392.7,,11.0,4,84,30,28,1
2707,21,Male,42,4113.76,304.0,9.0,0,64,15,19,1
2708,51,Male,50,2303.9,30.0,1.0,9,89,7,23,1
2709,41,Female,1,3663.79,350.0,26.0,0,73,24,29,1
2710,30,Male,52,5219.12,369.0,17.0,4,33,26,20,1
2711,20,Female,36,3592.85,402.0,18.0,6,17,40,25,1
2712,36,Female,59,3658.56,198.0,26.0,5,55,7,2,1
2713,58,Female,59,2902.36,374.0,16.0,9,81,2,8,1
2714,32,Female,7,5707.2,116.0,14.0,4,70,4,22,1
2715,29,Female,5,3796.8,185.0,21.0,6,23,15,9,0
2716,55,Female,53,5477.57,362.0,3.0,9,3,26,16,1
2717,48,Female,38,5720.77,525.0,26.0,0,12,29,22,1
2718,43,Male,21,4496.47,44.0,6.0,5,70,34,1,1
2719,29,Female,59,5768.22,203.0,1.0,8,54,12,2,1
2720,36,Female,66,1604.23,306.0,6.0,6,31,41,23,0
2721,25,Male,57,716.77,298.0,12.0,0,47,37,27,1
2722,51,Male,4,2832.26,528.0,18.0,7,13,2,20,1
2723,33,Male,46,2589.02,330.0,19.0,8,35,14,3,1
2724,39,Female,21,,233.0,27.0,6,61,34,4,1
2725,46,Male,1,526.07,115.0,11.0,1,46,25,17,1
2726,53,Female,31,4620.11,234.0,11.0,2,22,28,14,1
2727,41,Male,2,4515.69,118.0,22.0,0,5,26,12,1
2728,30,Male,31,2372.74,30.0,1.0,6,47,9,23,1
2729,42,Male,59,6585.21,327.0,0.0,3,16,29,29,1
2730,38,Male,3,173.54,380.0,12.0,1,10,39,3,1
2731,49,Male,54,4995.49,348.0,18.0,1,61,46,9,1
2732,64,Male,5,1998.94,336.0,11.0,3,59,24,6,0
2733,45,Female,53,141.51,428.0,27.0,9,30,38,16,1
2734,64,Female,28,734.19,119.0,3.0,4,53,45,11,1
2735,27,Male,20,3423.78,206.0,15.0,1,13,17,14,1
2736,50,Male,51,2581.98,235.0,28.0,6,81,35,14,1
2737,43,Female,28,2154.21,303.0,1.0,9,87,45,8,1
2738,39,Female,38,131.38,509.0,14.0,0,47,20,6,1
2739,43,Female,13,71.62,,0.0,5,56,15,8,0
2740,32,Male,26,6341.92,549.0,6.0,6,44,19,17,1
2741,43,Male,29,4514.21,156.0,12.0,4,53,40,7,1
2742,23,Female,20,3112.04,26.0,1.0,7,38,47,2,0
2743,25,Male,44,1603.52,374.0,1.0,6,69,35,12,1
2744,60,Male,18,418.05,35.0,5.0,4,5,34,24,0
2745,40,Female,31,13524.4,279.0,21.0,5,34,43,22,1
2746,27,Female,48,3396.99,513.0,16.0,3,17,45,10,1
2747,19,Male,14,1140.6,157.0,14.0,0,40,48,15,1
2748,31,Female,56,6357.35,291.0,23.0,3,89,5,5,1
2749,22,Male,7,1832.76,,12.0,5,39,41,20,0
2750,40,Male,36,3742.28,33.0,1.0,8,32,41,11,1
2751,60,Male,3,3278.39,452.0,9.0,8,29,3,14,0
2752,29,Male,6,6180.84,296.0,22.0,6,87,29,7,1
2753,29,Male,43,1232.11,266.0,7.0,2,17,42,17,1
2754,55,Female,31,4108.28,87.0,2.0,2,29,47,12,1
2755,34,Female,8,,393.0,1.0,3,2,6,5,1
2756,38,Male,19,2306.9,211.0,14.0,1,84,33,11,1
2757,19,Female,8,3880.0,428.0,3.0,4,43,15,27,0
2758,43,Male,31,6367.74,211.0,9.0,3,80,0,4,1
2759,53,Female,38,3598.83,546.0,25.0,7,46,19,13,1
2760,42,Female,44,4644.67,6.0,0.0,8,36,36,15,1
2761,38,Male,15,2617.34,567.0,9.0,1,52,36,24,1
2762,25,Female,35,3005.6,252.0,28.0,5,60,44,13,1
2763,18,Male,43,984.91,59.0,13.0,0,81,13,4,1
2764,50,Male,55,2231.84,,20.0,8,47,38,26,1
2765,46,Female,10,5709.94,,17.0,4,57,39,29,1
2766,52,Female,25,3330.22,257.0,3.0,1,25,28,6,1
2767,61,Male,44,4914.49,40.0,11.0,7,18,33,25,1
2768,28,Female,3,3713.38,444.0,27.0,4,66,30,20,0
2769,45,Female,42,3253.08,271.0,3.0,9,71,10,9,1
2770,40,Male,3,6166.76,207.0,19.0,4,88,43,13,1
2771,43,Female,6,1835.53,127.0,8.0,3,22,14,20,0
2772,64,Female,6,545.6,411.0,5.0,2,75,6,25,1
2773,31,Female,51,4787.27,207.0,4.0,2,50,28,5,1
2774,52,Male,32,6796.62,515.0,,4,71,31,25,1
2775,56,Male,37,6530.33,239.0,8.0,5,65,26,6,1
2776,57,Female,59,291.67,138.0,26.0,6,43,34,5,1
2777,36,Male,3,2697.21,150.0,5.0,4,11,10,10,0
2778,34,Female,54,3611.62,126.0,15.0,2,40,9,6,1
2779,24,Female,43,5529.05,585.0,4.0,8,60,30,23,1
2780,45,Female,41,6611.08,212.0,26.0,8,1,3,1,1
2781,24,Female,34,4604.67,,18.0,0,70,19,6,1
2782,37,Male,8,1289.31,577.0,11.0,7,73,31,8,1
2783,41,Male,7,406.8,563.0,8.0,3,80,43,3,1
2784,32,Female,32,2123.8,493.0,24.0,4,40,7,2,1
2785,43,Male,5,5583.5,574.0,13.0,4,68,33,14,1
2786,27,Male,6,6688.59,222.0,9.0,7,74,32,22,1
2787,45,Male,4,3038.1,343.0,,0,51,34,9,1
2788,34,Male,12,732.86,433.0,27.0,6,16,22,6,0
2789,36,Male,26,1951.56,568.0,18.0,4,74,11,0,1
2790,29,Male,38,13774.92,367.0,1.0,4,24,19,19,1
2791,33,Male,51,6440.77,502.0,20.0,8,69,1,26,1
2792,41,Male,8,3176.13,548.0,2.0,1,38,27,29,1
2793,25,Male,42,6385.27,,15.0,7,11,34,5,1
2794,37,Male,0,3210.98,571.0,7.0,1,25,37,29,1
2795,26,Male,6,6383.96,251.0,20.0,7,58,7,28,1
2796,60,Female,50,3620.82,272.0,,9,0,16,1,1
2797,48,Female,9,1153.92,515.0,17.0,6,78,5,27,1
2798,32,Male,25,4287.64,,11.0,4,43,47,17,1
2799,39,Female,54,5931.57,510.0,24.0,8,9,23,3,1
2800,36,Male,50,5335.72,164.0,25.0,6,7,11,21,1
2801,43,Female,12,5378.13,73.0,19.0,4,74,16,15,1
2802,25,Female,7,291.67,384.0,21.0,8,81,41,9,0
2803,56,Female,17,4395.58,232.0,14.0,1,23,27,6,1
2804,18,Male,10,5622.69,130.0,18.0,7,54,30,2,1
2805,55,Female,59,969.29,301.0,3.0,9,5,8,27,1
2806,63,Male,58,6974.99,22.0,3.0,5,15,10,12,1
2807,18,Male,36,2185.61,383.0,11.0,0,63,25,1,1
2808,50,Female,0,4259.56,44.0,24.0,5,70,12,9,1
2809,39,Female,22,5233.78,365.0,5.0,7,58,44,27,1
2810,47,Male,36,715.85,175.0,0.0,7,42,10,7,1
2811,29,Male,57,5806.48,438.0,23.0,8,34,27,21,1
2812,29,Female,41,6857.16,19.0,6.0,6,68,23,19,1
2813,33,Male,26,526.12,300.0,18.0,3,49,0,7,1
2814,18,Female,42,2656.58,526.0,1.0,1,37,33,24,1
2815,61,Female,48,1032.36,496.0,19.0,0,12,3,1,1
2816,57,Male,17,6799.11,367.0,0.0,0,58,31,0,1
2817,63,Male,0,972.12,458.0,20.0,8,34,25,18,0
2818,40,Female,19,3489.94,87.0,2.0,4,29,47,26,0
2819,18,Female,58,2799.28,288.0,,0,66,20,22,1
2820,40,Female,16,5939.64,417.0,8.0,3,3,7,11,1
2821,43,Male,2,,357.0,25.0,4,27,47,2,0
2822,21,Male,45,1301.5,485.0,20.0,0,64,32,24,1
2823,31,Female,5,2054.68,330.0,9.0,3,89,32,16,0
2824,52,Male,19,6590.73,589.0,29.0,6,74,31,11,1
2825,53,Male,40,3097.57,121.0,17.0,7,78,43,29,1
2826,59,Female,29,2038.11,159.0,23.0,1,30,30,14,1
2827,52,Female,42,5220.81,319.0,29.0,9,37,38,1,1
2828,50,Female,26,6391.7,195.0,28.0,5,9,37,17,1
2829,43,Male,52,4325.14,30.0,14.0,9,86,26,23,1
2830,21,Male,3,210.46,494.0,25.0,8,64,11,7,0
2831,28,Female,46,3323.41,336.0,17.0,5,7,5,8,1
2832,35,Male,45,1694.42,140.0,29.0,2,83,37,23,1
2833,29,Male,11,6806.91,447.0,18.0,1,1,34,22,1
2834,55,Female,32,6520.69,39.0,12.0,3,44,24,13,1
2835,34,Female,55,4602.36,376.0,2.0,9,67,19,16,1
2836,57,Male,27,6210.84,309.0,16.0,0,80,15,16,1
2837,35,Female,19,1886.7,317.0,8.0,1,27,43,6,1
2838,62,Male,22,564.98,277.0,14.0,8,58,1,24,0
2839,60,Male,27,5483.67,220.0,13.0,2,87,26,7,1
2840,52,Male,14,231.79,103.0,23.0,3,59,48,15,0
2841,57,Female,9,6013.76,355.0,,8,29,27,21,1
2842,28,Female,13,5601.46,593.0,12.0,5,89,43,9,1
2843,61,Female,3,6983.23,504.0,11.0,7,22,14,6,1
2844,50,Male,24,1508.44,291.0,17.0,2,16,32,6,1
2845,31,Male,27,1740.57,126.0,5.0,8,58,15,14,1
2846,59,Female,57,3513.3,296.0,,7,29,24,10,1
2847,57,Male,53,,249.0,12.0,5,27,41,26,1
2848,19,Male,2,6293.41,370.0,5.0,2,85,5,26,1
2849,25,Female,17,5906.49,564.0,0.0,2,85,30,27,1
2850,40,Female,30,4174.13,389.0,15.0,4,80,29,29,1
2851,29,Female,58,3450.58,78.0,19.0,3,19,24,3,1
2852,51,Male,26,661.46,512.0,21.0,2,70,41,17,1
2853,52,Male,57,3405.62,23.0,9.0,3,41,8,9,1
2854,58,Female,1,1010.03,454.0,26.0,1,84,19,24,1
2855,61,Male,34,3918.3,569.0,10.0,0,7,42,24,1
2856,26,Male,34,1279.93,153.0,12.0,7,26,9,28,1
2857,46,Male,26,2435.07,569.0,6.0,2,44,8,18,1
2858,28,Male,4,801.75,420.0,24.0,3,25,21,17,0
2859,31,Female,36,3400.42,16.0,12.0,9,64,47,13,1
2860,19,Male,5,5284.71,346.0,6.0,6,37,12,11,1
2861,48,Female,44,4290.11,504.0,3.0,0,1,30,7,1
2862,20,Male,40,150.04,455.0,22.0,3,24,0,6,1
2863,45,Female,10,3444.85,161.0,17.0,4,58,15,26,0
2864,46,Male,57,2164.32,183.0,5.0,9,39,39,29,1
2865,27,Male,27,4051.23,502.0,12.0,3,73,36,26,1
2866,40,Female,0,1199.42,418.0,13.0,2,36,38,8,1
2867,19,Male,21,5165.12,355.0,25.0,0,57,7,17,1
2868,52,Male,16,6971.46,157.0,24.0,8,25,7,25,1
2869,33,Female,47,1189.98,192.0,11.0,5,26,31,14,1
2870,44,Female,28,1520.96,250.0,3.0,5,21,38,23,1
2871,55,Female,26,4891.42,220.0,3.0,7,57,16,7,1
2872,55,Female,46,359.73,110.0,11.0,0,83,22,9,1
2873,29,Female,28,6767.4,344.0,17.0,3,48,15,0,1
2874,47,Male,19,5850.0,267.0,19.0,2,76,24,17,1
2875,29,Female,36,2540.23,32.0,7.0,3,60,18,3,1
2876,26,Male,41,3109.72,479.0,2.0,7,36,37,0,1
2877,62,Male,6,872.76,354.0,25.0,7,89,21,2,0
2878,48,Male,18,6929.91,106.0,27.0,5,12,19,22,1
2879,32,Male,43,2273.24,69.0,27.0,6,37,25,10,1
2880,31,Male,58,2317.07,579.0,24.0,5,81,21,2,1
2881,28,Female,28,3693.42,493.0,13.0,9,7,19,0,1
2882,63,Male,21,3675.13,515.0,29.0,9,15,15,9,1
2883,39,Female,12,6911.38,353.0,16.0,3,53,30,4,1
2884,39,Female,24,,307.0,5.0,7,67,0,19,0
2885,34,Female,14,2605.39,14.0,20.0,5,37,22,8,0
2886,37,Female,35,5327.47,494.0,6.0,1,52,25,1,1
2887,19,Female,21,5320.96,264.0,8.0,6,52,2,3,1
2888,55,Male,3,5727.03,113.0,14.0,0,72,14,4,1
2889,25,Female,6,3561.84,457.0,22.0,4,8,21,11,0
2890,37,Male,50,5846.81,171.0,8.0,7,47,25,21,1
2891,43,Male,50,5818.71,303.0,29.0,6,60,4,25,1
2892,19,Male,15,1047.57,,17.0,8,15,13,0,0
2893,62,Male,37,1357.47,557.0,21.0,1,48,9,19,1
2894,36,Male,20,2673.26,236.0,3.0,4,61,45,27,0
2895,62,Female,32,5794.02,128.0,18.0,9,47,16,27,1
2896,32,Male,16,4971.64,583.0,26.0,5,13,40,11,1
2897,44,Female,12,1129.04,219.0,0.0,5,85,4,4,0
2898,56,Male,25,3139.35,419.0,4.0,8,44,45,13,0
2899,47,Male,46,4131.25,585.0,12.0,4,82,42,7,1
2900,35,Male,7,,567.0,,6,9,38,24,1
2901,49,Male,1,5982.58,571.0,24.0,0,75,17,27,1
2902,62,Male,33,2062.95,207.0,22.0,8,4,30,12,1
2903,26,Male,52,595.11,203.0,10.0,7,55,22,25,1
2904,34,Male,35,2136.06,565.0,3.0,5,11,18,7,1
2905,29,Male,13,6278.44,48.0,29.0,5,58,29,29,1
2906,57,Male,13,5529.14,271.0,17.0,5,45,1,9,1
2907,44,Male,32,916.65,91.0,24.0,9,35,49,23,1
2908,55,Male,24,,376.0,16.0,5,35,35,6,1
2909,46,Female,50,642.26,440.0,3.0,8,16,18,25,1
2910,52,Male,38,1906.91,39.0,13.0,6,87,28,7,1
2911,53,Female,51,5175.1,519.0,17.0,4,75,18,25,1
2912,30,Female,43,914.26,530.0,14.0,8,47,32,5,1
2913,52,Male,39,2279.76,121.0,7.0,7,22,42,5,1
2914,49,Female,32,6132.54,375.0,24.0,5,9,15,20,1
2915,30,Female,31,1163.56,205.0,7.0,4,19,22,22,1
2916,48,Female,22,3864.96,32.0,27.0,1,33,43,29,1
2917,20,Female,40,159.91,345.0,17.0,9,36,12,18,1
2918,61,Male,31,772.05,167.0,21.0,1,66,2,21,1
2919,35,Female,30,3698.16,183.0,21.0,7,27,39,12,1
2920,62,Male,52,3402.78,524.0,18.0,6,21,7,16,1
2921,59,Female,54,5597.12,279.0,7.0,1,65,10,3,1
2922,27,Male,50,5664.41,342.0,4.0,8,17,19,8,1
2923,50,Male,30,3824.6,118.0,11.0,2,65,49,23,1
2924,32,Male,6,4571.59,554.0,2.0,1,73,18,25,1
2925,24,Female,33,5510.78,150.0,22.0,8,56,5,26,1
2926,64,Male,55,5359.76,198.0,12.0,0,50,6,7,1
2927,62,Female,3,6843.18,558.0,4.0,4,71,48,16,1
2928,59,Female,22,4946.41,129.0,6.0,7,45,29,29,1
2929,33,Female,14,3885.84,65.0,1.0,9,58,29,22,0
2930,49,Female,40,5922.88,,29.0,8,89,49,15,1
2931,63,Female,75,449.96,81.0,28.0,0,38,14,17,1
2932,38,Male,3,2854.03,417.0,14.0,3,77,48,6,0
2933,21,Male,13,700.53,479.0,15.0,0,3,43,13,1
2934,47,Female,0,323.61,519.0,16.0,2,52,39,9,1
2935,22,Female,55,1442.79,265.0,27.0,5,59,7,28,1
2936,60,Male,42,6175.34,232.0,27.0,3,51,31,27,1
2937,40,Male,19,5147.9,33.0,20.0,1,67,20,13,1
2938,36,Female,2,1277.98,335.0,13.0,7,55,47,5,0
2939,23,Female,13,1797.34,80.0,9.0,4,42,20,14,0
2940,35,Male,2,553.55,593.0,6.0,0,52,18,8,1
2941,63,Male,52,3852.31,377.0,6.0,6,18,31,4,1
2942,22,Female,7,1523.88,277.0,21.0,6,27,0,2,0
2943,37,Female,49,992.11,150.0,22.0,6,18,2,28,1
2944,62,Male,12,5143.4,131.0,26.0,1,42,8,12,1
2945,25,Female,22,4084.19,,13.0,4,12,24,1,1
2946,64,Male,4,6139.76,48.0,6.0,6,77,16,11,1
2947,24,Male,4,331.46,499.0,11.0,3,60,45,22,0
2948,64,Female,16,5339.46,408.0,13.0,6,60,15,5,1
2949,60,Female,34,,579.0,28.0,6,89,15,2,1
2950,56,Female,7,5362.62,404.0,11.0,6,70,47,3,1
2951,26,Female,4,5134.64,165.0,17.0,6,23,19,10,1
2952,59,Male,32,6702.13,530.0,26.0,6,2,47,20,1
2953,58,Male,20,6386.93,27.0,14.0,7,7,9,14,1
2954,19,Female,22,3887.44,120.0,13.0,6,9,38,2,0
2955,30,Female,42,786.6,591.0,2.0,2,61,2,26,1
2956,58,Female,56,4638.16,87.0,14.0,6,34,7,0,1
2957,60,Female,15,2680.52,162.0,28.0,4,9,24,10,0
2958,31,Female,2,831.22,95.0,13.0,9,51,17,14,0
2959,31,Female,46,125.63,497.0,18.0,0,25,18,4,1
2960,48,Female,4,2491.86,569.0,6.0,7,76,6,18,1
2961,27,Male,52,5913.25,198.0,22.0,5,15,8,1,1
2962,42,Female,20,169.06,204.0,19.0,8,74,28,16,0
2963,64,Female,5,4601.13,72.0,7.0,7,24,47,6,1
2964,56,Female,35,5782.18,550.0,4.0,0,69,18,15,1
2965,40,Female,4,2572.78,86.0,4.0,3,79,47,10,0
2966,39,Male,51,3567.21,431.0,9.0,2,19,31,24,1
2967,54,Male,12,6546.2,553.0,1.0,8,55,35,12,1
2968,49,Female,25,1059.46,468.0,9.0,0,5,36,11,1
2969,40,Female,6,2469.24,240.0,21.0,7,69,16,11,0
2970,43,Female,20,6556.07,424.0,9.0,0,12,24,17,1
2971,18,Male,57,2825.66,444.0,21.0,2,89,28,27,1
2972,64,Female,31,497.26,585.0,11.0,0,86,26,28,1
2973,42,Female,32,4166.52,102.0,17.0,2,13,0,14,1
2974,61,Female,6,,64.0,4.0,4,86,11,21,1
2975,45,Female,4,3958.71,207.0,6.0,5,40,19,28,0
2976,55,Male,53,5066.11,559.0,4.0,9,58,35,27,1
2977,48,Female,22,3084.51,176.0,22.0,9,9,31,21,0
2978,45,Male,54,1051.18,398.0,12.0,6,61,29,4,1
2979,58,Female,23,3638.88,444.0,20.0,6,48,35,4,0
2980,62,Female,46,2965.08,225.0,21.0,2,52,40,1,1
2981,43,Female,5,5845.85,308.0,12.0,3,32,15,22,1
2982,35,Female,5,4019.09,6.0,10.0,3,9,44,23,1
2983,33,Male,27,6224.07,355.0,3.0,4,25,42,13,1
2984,64,Female,42,495.81,134.0,2.0,5,48,7,28,1
2985,32,Female,16,3480.83,525.0,23.0,1,9,16,6,1
2986,20,Female,19,661.91,252.0,14.0,5,16,19,18,0
2987,43,Male,29,6451.14,305.0,16.0,5,52,10,27,1
2988,37,Male,57,,48.0,1.0,4,39,41,1,1
2989,44,Female,14,5307.54,,13.0,1,74,9,14,1
2990,23,Male,13,3724.13,548.0,27.0,6,35,9,22,1
2991,44,Male,28,3579.07,210.0,26.0,9,25,13,8,1
2992,25,Male,55,95.55,427.0,2.0,9,72,46,10,1
2993,36,Female,1,3840.63,33.0,16.0,3,76,46,25,0
2994,52,Male,45,6361.77,59.0,22.0,9,81,6,5,1
2995,45,Female,48,5010.67,376.0,3.0,9,80,16,6,1
2996,64,Female,12,581.26,23.0,1.0,7,1,14,24,0
2997,18,Female,6,5294.64,31.0,15.0,7,67,1,7,1
2998,23,Male,44,4749.75,121.0,5.0,8,57,13,24,1
2999,37,Male,56,3306.8,243.0,19.0,1,2,44,29,1
3000,57,Male,31,4461.69,18.0,29.0,1,18,43,5,1
3001,58,Male,23,1559.17,321.0,17.0,4,1,22,27,0
3002,26,Male,5,697.97,544.0,14.0,7,76,11,13,1
3003,31,Female,6,2850.97,10.0,2.0,6,72,32,0,0
3004,52,Male,45,5169.79,226.0,11.0,9,17,44,12,1
3005,54,Male,57,4480.08,370.0,19.0,2,63,9,6,1
3006,60,Female,7,5088.98,503.0,23.0,7,48,14,18,1
3007,32,Male,13,4296.71,227.0,2.0,6,56,34,0,1
3008,23,Male,24,4164.53,565.0,21.0,7,29,17,21,1
3009,63,Male,10,5645.23,423.0,5.0,6,69,37,28,1
3010,38,Female,33,2978.62,123.0,19.0,9,29,2,27,1
3011,35,Female,25,5635.39,487.0,3.0,1,62,44,10,1
3012,49,Female,3,3258.85,349.0,9.0,1,87,6,27,1
3013,61,Female,17,4561.63,38.0,2.0,8,60,44,6,1
3014,34,Female,54,3645.05,399.0,24.0,6,28,46,27,1
3015,52,Female,47,2039.61,134.0,19.0,0,14,25,7,1
3016,53,Male,43,1537.14,236.0,16.0,5,15,39,12,1
3017,25,Female,2,5345.3,243.0,3.0,0,60,34,2,1
3018,64,Female,37,1380.3,456.0,27.0,7,24,10,5,1
3019,51,Male,17,2316.01,35.0,29.0,8,11,39,25,0
3020,41,Male,9,4344.78,407.0,7.0,2,56,35,4,1
3021,64,Female,41,1388.89,132.0,7.0,5,24,48,23,1
3022,23,Female,9,407.05,143.0,20.0,2,48,43,20,1
3023,43,Female,14,156.59,97.0,4.0,2,12,4,2,1
3024,47,Female,19,5709.01,593.0,21.0,5,56,12,29,1
3025,62,Female,57,5816.89,572.0,16.0,2,49,47,8,1
3026,29,Female,39,1327.81,143.0,0.0,1,64,33,4,1
3027,57,Female,13,3581.01,435.0,18.0,2,6,23,27,1
3028,58,Male,46,573.62,129.0,23.0,1,68,1,3,1
3029,36,Male,55,1169.74,90.0,28.0,1,2,6,13,1
3030,49,Female,20,1707.84,168.0,26.0,7,85,23,20,0
3031,33,Female,16,3634.9,529.0,5.0,8,25,43,14,1
3032,43,Female,39,4934.88,182.0,21.0,3,21,17,16,1
3033,51,Female,58,5746.36,,13.0,8,34,0,23,1
3034,27,Female,27,673.84,177.0,26.0,5,59,11,14,1
3035,22,Female,10,5503.83,412.0,5.0,4,40,4,21,1
3036,20,Male,41,2488.12,104.0,10.0,6,87,22,3,1
3037,27,Female,27,4713.15,38.0,23.0,0,81,24,0,1
3038,28,Male,2,1228.85,521.0,22.0,0,32,5,27,1
3039,49,Male,20,3329.02,88.0,0.0,5,72,24,16,0
3040,42,Female,16,2584.77,542.0,6.0,2,17,8,7,1
3041,58,Male,45,1229.87,598.0,12.0,4,34,26,17,1
3042,44,Male,48,5733.7,432.0,23.0,4,66,22,15,1
3043,54,Female,25,3802.78,259.0,17.0,5,87,4,6,0
3044,55,Male,10,490.12,99.0,29.0,6,49,22,12,0
3045,47,Female,43,1497.65,,28.0,6,2,5,5,1
3046,26,Female,1,2313.24,315.0,21.0,0,33,13,29,1
3047,64,Male,59,1953.8,233.0,12.0,9,20,40,26,1
3048,52,Male,55,1616.34,400.0,15.0,2,23,41,20,1
3049,44,Female,6,1061.86,535.0,22.0,7,11,22,14,1
3050,44,Male,8,5170.45,285.0,25.0,8,48,27,6,1
3051,35,Female,46,1229.94,193.0,,9,87,49,22,1
3052,32,Male,23,4828.04,276.0,0.0,3,14,24,0,1
3053,24,Female,3,6470.58,150.0,4.0,4,6,18,25,1
3054,51,Female,20,6905.88,159.0,21.0,4,62,13,13,1
3055,59,Female,32,6254.14,282.0,27.0,2,22,22,1,1
3056,54,Female,56,702.35,465.0,0.0,1,57,11,6,1
3057,48,Male,49,3311.23,252.0,27.0,0,27,38,12,1
3058,34,Male,47,2276.67,524.0,4.0,5,17,31,7,1
3059,23,Female,55,5511.46,390.0,4.0,9,35,45,26,1
3060,47,Male,7,1523.48,565.0,21.0,3,17,1,19,1
3061,29,Female,50,2830.15,143.0,23.0,8,71,29,15,1
3062,60,Female,6,455.68,545.0,16.0,1,31,38,5,1
3063,64,Male,58,2675.51,457.0,7.0,8,65,43,13,1
3064,34,Female,31,2295.29,36.0,25.0,8,50,48,13,1
3065,64,Female,14,4760.16,580.0,3.0,0,58,2,7,1
3066,52,Female,43,4266.93,174.0,23.0,6,27,38,26,1
3067,24,Female,54,1907.71,31.0,2.0,4,31,18,19,1
3068,62,Female,29,1797.13,541.0,24.0,7,8,24,17,1
3069,51,Male,6,2686.71,218.0,12.0,6,75,36,3,0
3070,56,Female,36,5692.02,496.0,27.0,3,17,38,13,1
3071,34,Female,45,3826.59,117.0,17.0,3,25,11,23,1
3072,59,Female,54,1530.47,142.0,25.0,8,83,24,2,1
3073,23,Male,45,6335.4,546.0,28.0,2,48,23,26,1
3074,51,Male,59,1463.38,514.0,6.0,1,41,9,21,1
3075,27,Female,33,6821.88,150.0,20.0,3,31,43,19,1
3076,26,Female,11,2808.73,557.0,24.0,6,76,37,9,1
3077,23,Female,8,4899.0,538.0,22.0,4,43,18,16,1
3078,18,Female,33,,30.0,14.0,3,25,37,20,1
3079,34,Female,56,4301.83,269.0,17.0,6,42,7,8,1
3080,29,Female,47,4659.11,142.0,15.0,9,51,7,29,1
3081,21,Male,31,4397.46,517.0,2.0,9,6,3,28,1
3082,28,Female,39,4588.61,239.0,0.0,9,2,43,19,1
3083,33,Female,21,2925.67,579.0,9.0,1,38,41,2,1
3084,53,Female,50,6490.59,35.0,13.0,2,18,6,3,1
3085,38,Male,27,3220.26,411.0,17.0,6,36,18,2,1
3086,48,Male,41,997.89,435.0,12.0,1,25,22,28,1
3087,21,Female,28,5765.6,176.0,1.0,8,73,26,27,1
3088,57,Female,35,4182.35,467.0,17.0,6,21,11,8,1
3089,63,Female,16,3217.37,496.0,15.0,0,34,11,16,1
3090,64,Female,43,2741.43,53.0,24.0,2,52,2,7,1
3091,58,Male,37,2293.65,390.0,22.0,7,33,41,20,1
3092,30,Female,1,2391.35,102.0,13.0,8,53,48,3,0
3093,29,Female,7,4017.05,128.0,20.0,8,42,38,13,1
3094,61,Female,32,326.54,8.0,16.0,5,30,18,22,1
3095,63,Female,58,5439.13,582.0,22.0,7,45,10,13,1
3096,19,Male,40,2866.23,575.0,23.0,9,85,12,8,1
3097,24,Female,4,2825.85,275.0,20.0,8,48,32,18,0
3098,34,Male,17,4870.05,355.0,5.0,6,26,41,11,1
3099,58,Male,141,4341.35,192.0,1.0,6,15,7,6,1
3100,33,Male,3,1956.32,71.0,21.0,9,49,35,19,0
3101,32,Male,24,2583.09,239.0,1.0,0,30,6,26,1
3102,62,Male,31,3185.62,593.0,22.0,2,18,48,0,1
3103,23,Female,5,2959.73,13.0,3.0,3,70,14,15,0
3104,38,Female,16,3082.18,90.0,21.0,4,42,29,18,0
3105,22,Male,19,2734.28,17.0,10.0,2,52,33,0,1
3106,33,Male,52,2865.64,245.0,24.0,9,83,7,21,1
3107,48,Female,29,5274.33,62.0,15.0,8,67,37,6,1
3108,46,Male,55,3261.6,293.0,8.0,3,55,1,21,1
3109,31,Female,47,4198.24,484.0,24.0,8,27,19,19,1
3110,52,Female,55,4432.43,589.0,5.0,2,62,11,16,1
3111,37,Male,24,3222.58,125.0,23.0,3,58,0,7,0
3112,51,Female,7,3498.38,59.0,11.0,6,78,29,14,0
3113,61,Female,45,5206.42,572.0,10.0,9,60,49,8,1
3114,63,Male,42,307.38,149.0,9.0,9,23,11,25,1
3115,27,Female,32,3380.07,387.0,22.0,6,7,12,0,1
3116,19,Male,26,2751.96,469.0,7.0,2,71,32,3,1
3117,48,Female,21,6785.03,354.0,10.0,5,58,45,1,1
3118,34,Female,51,811.6,40.0,28.0,8,67,26,2,1
3119,24,Male,9,4064.79,79.0,,2,84,7,7,1
3120,50,Male,42,5122.45,378.0,26.0,9,66,3,20,1
3121,52,Female,38,5580.26,274.0,23.0,9,82,37,10,1
3122,49,Male,45,1852.48,207.0,10.0,4,16,4,8,1
3123,34,Male,28,2737.85,6.0,13.0,6,17,35,13,1
3124,41,Male,20,5743.98,295.0,5.0,7,20,26,27,1
3125,58,Male,45,5196.42,,6.0,3,58,10,11,1
3126,59,Male,31,5075.25,385.0,3.0,2,60,19,13,1
3127,38,Female,26,5214.73,394.0,25.0,6,51,32,28,1
3128,58,Female,32,1036.64,520.0,29.0,6,58,0,6,1
3129,40,Female,20,4026.57,514.0,7.0,1,68,32,1,1
3130,46,Male,7,2726.36,329.0,1.0,3,3,35,18,0
3131,59,Male,39,7136.92,471.0,,6,48,28,14,1
3132,23,Male,32,,496.0,15.0,6,13,28,25,1
3133,62,Male,36,5149.82,37.0,3.0,1,38,34,13,1
3134,39,Female,5,1069.24,540.0,15.0,8,33,0,4,1
3135,63,Male,41,1612.5,490.0,26.0,3,62,48,13,1
3136,62,Female,49,6888.78,514.0,25.0,2,41,15,11,1
3137,62,Female,49,3261.37,346.0,23.0,9,34,39,20,1
3138,29,Male,41,1265.03,157.0,28.0,2,67,14,0,1
3139,50,Female,17,3699.52,20.0,18.0,1,8,47,1,1
3140,47,Male,19,5410.07,15.0,18.0,1,49,18,28,1
3141,52,Female,25,263.26,33.0,12.0,4,58,23,0,0
3142,33,Female,50,6047.82,275.0,4.0,5,70,46,27,1
3143,32,Female,3,5407.12,239.0,1.0,3,74,46,11,1
3144,48,Female,36,4789.4,97.0,9.0,3,56,49,9,1
3145,37,Female,52,721.5,99.0,6.0,4,49,49,29,1
3146,34,Female,25,1693.42,415.0,19.0,8,63,42,28,0
3147,61,Male,38,6269.39,413.0,28.0,7,23,23,21,1
3148,64,Female,11,480.92,32.0,7.0,4,32,23,26,0
3149,39,Female,0,1088.5,388.0,22.0,3,85,32,28,0
3150,44,Male,31,6672.54,317.0,24.0,9,5,42,24,1
3151,36,Female,0,1230.14,369.0,6.0,0,52,30,5,1
3152,32,Male,21,4487.15,410.0,16.0,4,47,46,19,1
3153,47,Male,10,4073.91,510.0,,1,37,15,11,1
3154,18,Male,1,6420.17,307.0,26.0,0,12,38,18,1
3155,45,Male,6,773.77,306.0,21.0,5,30,23,12,0
3156,19,Male,49,4650.08,312.0,21.0,5,82,32,24,1
3157,52,Female,47,6970.66,198.0,8.0,4,74,39,17,1
3158,45,Female,35,1798.88,398.0,26.0,1,22,45,29,1
3159,21,Male,4,536.62,297.0,17.0,9,27,43,1,0
3160,21,Male,13,5847.61,59.0,29.0,6,35,40,16,1
3161,18,Female,31,3540.41,155.0,25.0,1,64,6,24,1
3162,28,Female,2,2408.22,159.0,24.0,4,24,8,11,0
3163,62,Female,55,5150.6,296.0,7.0,4,51,23,5,1
3164,54,Female,39,2525.17,326.0,9.0,6,34,18,0,1
3165,29,Female,31,3286.14,41.0,2.0,8,11,44,1,1
3166,48,Female,55,2817.53,388.0,17.0,8,89,20,11,1
3167,64,Female,4,2461.93,13.0,27.0,0,24,33,8,1
3168,23,Male,42,2881.96,509.0,28.0,5,31,49,1,1
3169,47,Female,51,6826.24,546.0,21.0,5,6,6,10,1
3170,41,Female,29,422.94,386.0,25.0,6,3,40,10,1
3171,21,Male,18,1605.93,598.0,26.0,0,70,33,2,1
3172,28,Male,2,5606.88,324.0,3.0,8,46,9,25,1
3173,22,Male,20,3399.78,10.0,16.0,5,15,6,1,0
3174,34,Female,12,4673.16,477.0,10.0,2,65,29,23,1
3175,37,Male,31,1054.49,526.0,28.0,9,13,28,23,1
3176,21,Male,34,6224.31,469.0,22.0,4,31,47,22,1
3177,24,Female,9,2448.76,497.0,10.0,6,64,7,29,0
3178,50,Male,56,1698.61,353.0,16.0,3,82,13,28,1
3179,55,Female,34,5001.56,175.0,13.0,2,86,46,28,1
3180,45,Male,4,4610.26,541.0,15.0,6,64,4,29,1
3181,29,Male,7,5283.31,361.0,11.0,7,85,10,29,1
3182,59,Female,15,6116.83,124.0,23.0,8,69,46,9,1
3183,30,Female,30,373.08,481.0,6.0,4,1,45,6,1
3184,21,Male,39,3003.42,455.0,4.0,0,86,20,1,1
3185,52,Female,56,3074.07,354.0,22.0,4,81,2,28,1
3186,61,Male,20,61.5,154.0,3.0,5,43,11,18,0
3187,21,Male,11,3272.03,540.0,21.0,5,31,37,27,1
3188,59,Female,51,373.3,213.0,8.0,4,22,24,29,1
3189,40,Female,56,3722.64,532.0,18.0,7,54,38,22,1
3190,33,Female,9,2175.97,407.0,19.0,1,66,18,23,1
3191,42,Male,25,2128.72,386.0,17.0,7,21,49,3,0
3192,38,Female,45,607.73,230.0,0.0,9,48,29,14,1
3193,25,Female,18,6500.07,556.0,13.0,8,49,8,9,1
3194,44,Male,21,934.51,257.0,10.0,9,64,26,6,0
3195,20,Female,39,870.62,509.0,1.0,0,73,19,22,1
3196,45,Male,22,2148.95,123.0,20.0,0,81,36,17,1
3197,62,Female,36,586.24,110.0,16.0,2,36,32,3,1
3198,30,Female,13,5094.84,202.0,8.0,0,80,9,7,1
3199,45,Male,1,4776.89,111.0,20.0,5,56,45,21,1
3200,20,Male,10,4404.81,97.0,16.0,2,17,14,11,1
3201,49,Female,5,6690.38,524.0,28.0,6,62,43,14,1
3202,28,Male,57,2276.22,122.0,0.0,2,46,4,15,1
3203,20,Male,42,5785.48,429.0,26.0,4,64,2,9,1
3204,64,Male,21,2552.37,43.0,8.0,2,69,16,16,1
3205,20,Male,21,2060.28,516.0,23.0,0,29,38,13,1
3206,38,Female,58,3470.62,447.0,8.0,5,3,11,17,1
3207,22,Female,16,5528.24,220.0,27.0,8,38,38,20,1
3208,33,Female,34,2222.65,556.0,4.0,0,74,44,20,1
3209,59,Male,35,1365.28,260.0,21.0,3,70,4,2,1
3210,45,Male,20,1000.6,228.0,29.0,8,18,4,6,0
3211,19,Male,56,1470.43,496.0,21.0,7,57,48,29,1
3212,25,Female,33,3509.87,72.0,14.0,5,32,46,20,1
3213,34,Male,51,2958.37,35.0,11.0,2,49,19,8,1
3214,41,Male,41,4808.17,275.0,12.0,4,66,39,24,1
3215,40,Male,46,3033.36,512.0,23.0,9,74,43,3,1
3216,29,Female,37,4868.94,483.0,1.0,7,37,43,0,1
3217,50,Female,18,4607.95,452.0,12.0,7,1,34,2,1
3218,35,Female,10,6609.04,476.0,28.0,8,32,9,17,1
3219,44,Male,19,407.38,5.0,28.0,8,62,27,9,0
3220,22,Male,30,1004.7,583.0,26.0,8,28,22,12,1
3221,20,Male,42,3767.55,583.0,23.0,4,65,33,22,1
3222,58,Male,56,3158.48,211.0,23.0,8,85,5,23,1
3223,59,Female,44,3353.7,419.0,22.0,2,75,26,18,1
3224,37,Male,17,118.6,227.0,15.0,0,82,22,3,1
3225,56,Female,10,709.61,426.0,23.0,8,51,0,6,0
3226,59,Male,30,5814.14,590.0,11.0,9,25,1,7,1
3227,49,Female,24,5191.71,575.0,10.0,8,48,17,15,1
3228,51,Male,12,654.93,35.0,19.0,9,75,38,3,0
3229,50,Female,24,5788.74,240.0,12.0,1,11,28,21,1
3230,45,Male,46,5763.84,160.0,2.0,9,60,6,1,1
3231,31,Male,53,2232.75,341.0,18.0,6,73,0,11,1
3232,57,Female,2,287.28,564.0,17.0,3,60,1,26,1
3233,39,Female,53,5078.82,356.0,3.0,3,28,44,7,1
3234,56,Female,13,2479.12,573.0,14.0,1,33,35,29,1
3235,18,Female,39,3872.89,513.0,20.0,3,24,23,27,1
3236,19,Female,50,4808.84,66.0,17.0,5,71,16,24,1
3237,29,Female,28,6237.23,258.0,9.0,6,57,1,1,1
3238,26,Female,3,997.06,46.0,26.0,2,50,11,14,1
3239,23,Female,57,6498.25,492.0,5.0,6,79,26,4,1
3240,23,Female,16,5150.94,145.0,25.0,7,39,18,26,1
3241,22,Male,38,5440.58,463.0,7.0,0,18,34,16,1
3242,48,Female,45,5500.04,209.0,26.0,6,0,43,20,1
3243,35,Male,45,3295.44,362.0,22.0,6,27,9,25,1
3244,64,Female,25,416.18,431.0,8.0,8,20,31,23,0
3245,53,Female,4,5352.64,436.0,27.0,0,87,33,24,1
3246,18,Female,51,4507.37,67.0,29.0,2,45,27,24,1
3247,41,Female,51,5299.48,246.0,9.0,6,72,48,19,1
3248,26,Female,9,117.77,,19.0,9,29,48,0,0
3249,58,Male,49,6792.03,377.0,13.0,3,6,49,1,1
3250,32,Female,30,753.28,346.0,,7,20,34,3,1
3251,25,Male,30,750.64,73.0,15.0,3,19,17,24,1
3252,50,Female,25,2806.0,526.0,26.0,4,5,2,18,1
3253,50,Female,44,5272.29,298.0,23.0,7,20,12,13,1
3254,56,Male,50,3798.04,513.0,1.0,9,13,27,5,1
3255,34,Male,23,1908.76,466.0,4.0,1,46,31,8,1
3256,24,Female,20,3424.66,57.0,15.0,4,14,10,13,0
3257,36,Female,28,5793.22,,4.0,9,24,25,9,1
3258,21,Female,14,3982.07,77.0,10.0,5,43,14,13,0
3259,36,Female,5,1045.09,404.0,5.0,9,22,10,13,0
3260,60,Female,14,6904.98,91.0,5.0,8,68,43,27,1
3261,53,Female,51,298.27,318.0,21.0,2,46,12,18,1
3262,48,Male,29,1407.75,234.0,21.0,8,45,36,28,1
3263,46,Male,1,2356.08,330.0,18.0,2,67,8,27,1
3264,27,Male,59,565.41,349.0,7.0,8,33,37,12,1
3265,62,Female,49,610.75,487.0,1.0,3,87,6,5,1
3266,30,Female,27,1124.55,118.0,15.0,7,3,0,1,1
3267,45,Female,26,377.34,315.0,25.0,6,28,29,8,1
3268,22,Male,13,2266.51,427.0,20.0,1,80,44,12,1
3269,36,Female,9,631.26,,9.0,0,15,30,1,1
3270,61,Female,31,6196.62,355.0,11.0,0,47,5,0,1
3271,55,Female,4,5907.13,124.0,15.0,5,19,16,6,1
3272,59,Male,21,,312.0,13.0,4,1,43,6,0
3273,38,Male,54,,551.0,28.0,8,42,5,10,1
3274,33,Male,3,2957.13,233.0,0.0,6,33,41,7,0
3275,50,Female,36,4768.44,175.0,12.0,7,34,14,29,1
3276,52,Female,7,3061.29,447.0,16.0,9,73,20,6,0
3277,57,Female,44,1390.26,133.0,21.0,5,32,10,27,1
3278,37,Female,50,4061.18,223.0,10.0,8,28,40,13,1
3279,40,Male,1,664.57,158.0,25.0,8,64,23,9,0
3280,64,Female,47,5014.17,369.0,0.0,3,32,40,18,1
3281,58,Male,6,4192.63,134.0,8.0,6,89,32,19,1
3282,47,Female,7,4414.16,182.0,,1,50,23,12,1
3283,54,Female,35,4619.9,440.0,23.0,7,55,34,3,1
3284,43,Female,10,6343.11,311.0,22.0,3,83,38,12,1
3285,18,Female,19,5574.54,453.0,9.0,5,3,31,10,1
3286,53,Female,30,4586.14,352.0,19.0,9,42,41,9,1
3287,49,Male,11,1274.61,187.0,5.0,0,79,35,26,1
3288,42,Female,11,5631.48,289.0,9.0,6,60,26,3,1
3289,59,Female,4,1929.67,5.0,18.0,6,89,39,21,0
3290,48,Female,5,,304.0,7.0,1,59,35,7,1
3291,62,Male,56,5810.88,540.0,15.0,9,52,47,16,1
3292,36,Male,47,6807.2,46.0,4.0,5,55,22,23,1
3293,60,Male,42,354.1,,12.0,0,87,18,15,1
3294,60,Male,29,3801.32,343.0,0.0,1,20,27,3,1
3295,20,Male,28,4443.54,409.0,28.0,2,68,18,1,1
3296,59,Female,22,5728.7,37.0,14.0,0,37,21,5,1
3297,28,Male,3,3667.66,459.0,26.0,0,30,42,20,1
3298,41,Female,40,6433.78,447.0,28.0,8,81,39,7,1
3299,31,Male,41,1063.26,572.0,9.0,0,67,4,27,1
3300,44,Male,59,6766.34,371.0,8.0,5,59,4,10,1
3301,28,Female,8,4638.96,294.0,10.0,4,35,15,16,1
3302,54,Male,43,4905.06,,12.0,6,4,16,19,1
3303,35,Female,9,805.27,461.0,,3,32,43,14,0
3304,22,Male,11,1596.0,422.0,24.0,3,69,47,14,0
3305,54,Female,39,2499.23,266.0,12.0,5,59,39,22,1
3306,18,Female,49,4700.63,179.0,21.0,3,3,39,16,1
3307,21,Female,56,5924.41,450.0,10.0,3,65,36,21,1
3308,47,Female,42,5378.81,415.0,4.0,9,83,5,23,1
3309,20,Female,18,2975.04,381.0,14.0,8,0,47,9,0
3310,48,Male,6,6312.62,427.0,4.0,8,39,34,7,1
3311,48,Male,43,3654.79,457.0,19.0,6,49,47,12,1
3312,34,Female,45,6054.01,87.0,3.0,4,54,4,2,1
3313,24,Female,42,3270.96,165.0,2.0,8,66,31,13,1
3314,33,Male,51,897.39,466.0,4.0,4,5,11,19,1
3315,54,Female,51,6511.4,39.0,19.0,8,87,1,27,1
3316,51,Male,13,3147.11,542.0,18.0,6,48,44,18,1
3317,56,Female,56,3018.44,543.0,28.0,7,32,4,28,1
3318,30,Female,46,4550.97,413.0,9.0,0,55,36,22,1
3319,43,Female,45,2118.45,438.0,21.0,1,30,30,1,1
3320,47,Male,24,4144.52,564.0,14.0,6,77,15,1,1
3321,25,Female,10,1160.4,275.0,5.0,8,28,26,16,0
3322,45,Female,45,5000.49,411.0,28.0,1,62,45,29,1
3323,63,Female,26,1853.59,301.0,28.0,4,59,28,22,1
3324,35,Female,9,6097.86,525.0,3.0,0,42,9,10,1
3325,62,Male,22,3312.81,380.0,21.0,2,74,10,5,1
3326,31,Female,15,6541.96,262.0,9.0,1,51,49,8,1
3327,43,Male,53,345.52,482.0,13.0,7,79,27,25,1
3328,42,Male,38,3769.19,46.0,13.0,6,12,49,3,1
3329,40,Female,23,3740.7,392.0,17.0,5,38,34,17,0
3330,22,Female,55,352.67,411.0,4.0,2,72,41,22,1
3331,22,Male,50,1634.48,195.0,0.0,5,45,22,7,1
3332,28,Male,49,2285.71,109.0,27.0,2,78,31,17,1
3333,27,Male,2,214.25,227.0,7.0,9,20,12,21,0
3334,58,Male,15,2405.82,408.0,11.0,0,11,26,22,1
3335,34,Male,14,5692.05,75.0,26.0,7,22,2,3,1
3336,50,Male,41,392.7,515.0,17.0,5,32,9,19,1
3337,60,Male,48,5115.29,119.0,21.0,4,15,12,12,1
3338,60,Male,53,6309.58,157.0,26.0,5,58,34,24,1
3339,42,Female,15,3557.68,341.0,29.0,3,68,3,6,0
3340,53,Female,44,6919.16,236.0,18.0,8,85,10,29,1
3341,64,Male,9,2420.78,13.0,7.0,1,63,11,25,1
3342,45,Male,56,756.86,524.0,5.0,5,5,48,2,1
3343,41,Female,38,1582.04,64.0,19.0,9,21,33,12,1
3344,22,Male,50,3446.1,153.0,27.0,1,77,25,16,1
3345,29,Male,4,6934.05,38.0,15.0,6,16,49,28,1
3346,44,Male,17,2880.06,531.0,13.0,4,81,42,20,1
3347,52,Female,16,7920.16,411.0,9.0,8,86,37,14,0
3348,46,Female,49,2580.24,430.0,2.0,4,42,32,19,1
3349,35,Male,42,5455.87,464.0,1.0,1,65,42,10,1
3350,50,Male,8,4177.24,270.0,2.0,9,15,4,23,1
3351,22,Male,20,4767.81,559.0,4.0,6,28,33,12,1
3352,35,Male,39,,235.0,1.0,4,37,3,16,1
3353,44,Male,2,5933.17,159.0,5.0,1,73,17,7,1
3354,32,Male,31,2934.96,390.0,8.0,5,24,30,8,1
3355,28,Male,48,1200.68,402.0,28.0,4,73,11,16,1
3356,42,Female,6,4585.51,314.0,13.0,6,72,40,3,1
3357,36,Female,26,4757.81,,25.0,7,3,24,2,1
3358,33,Male,30,452.4,263.0,12.0,9,48,44,7,1
3359,44,Male,21,3056.58,311.0,12.0,8,68,33,25,0
3360,21,Male,3,6332.01,504.0,10.0,6,2,36,26,1
3361,35,Male,11,4766.91,239.0,2.0,9,79,35,19,1
3362,38,Male,10,4043.27,80.0,25.0,2,29,42,0,1
3363,21,Female,55,2732.36,313.0,6.0,2,78,46,8,1
3364,62,Female,0,4388.06,525.0,5.0,3,22,16,7,1
3365,45,Female,14,1037.75,364.0,11.0,8,71,48,20,0
3366,34,Male,44,6266.77,465.0,28.0,0,68,31,21,1
3367,64,Female,0,3843.01,75.0,7.0,2,78,21,11,1
3368,27,Female,23,4129.34,281.0,18.0,1,88,32,23,1
3369,44,Male,48,,292.0,2.0,7,3,38,0,1
3370,57,Male,43,5926.26,531.0,4.0,6,30,30,15,1
3371,49,Female,29,2307.82,491.0,2.0,1,14,49,16,1
3372,50,Male,8,6493.72,175.0,7.0,4,28,29,0,1
3373,19,Male,33,,519.0,23.0,6,9,33,13,1
3374,35,Male,45,1162.59,428.0,17.0,8,78,11,11,1
3375,40,Male,18,4076.55,380.0,22.0,3,58,42,24,1
3376,41,Male,33,369.61,283.0,12.0,3,57,42,14,1
3377,40,Male,47,2414.12,399.0,22.0,4,88,45,1,1
3378,41,Female,45,5072.33,238.0,27.0,2,34,48,5,1
3379,35,Female,8,2668.2,319.0,1.0,0,59,19,9,1
3380,43,Female,11,9366.02,9.0,0.0,1,70,24,15,1
3381,44,Male,132,3789.24,301.0,,0,33,28,14,1
3382,60,Female,45,6080.46,279.0,7.0,5,11,7,14,1
3383,57,Male,44,,482.0,26.0,4,1,26,10,1
3384,18,Female,30,171.63,582.0,4.0,2,1,14,29,1
3385,29,Female,33,1558.79,485.0,4.0,9,21,19,21,1
3386,34,Male,10,5784.67,88.0,5.0,0,45,36,17,1
3387,28,Female,0,1130.17,6.0,2.0,0,69,19,11,1
3388,20,Female,38,1706.56,337.0,7.0,5,46,0,21,1
3389,47,Male,4,4325.62,256.0,15.0,4,50,7,21,1
3390,45,Female,20,957.32,462.0,13.0,5,63,7,29,0
3391,63,Male,44,5356.44,403.0,9.0,5,48,0,18,1
3392,59,Male,22,3641.16,545.0,17.0,2,18,47,12,1
3393,20,Female,34,2159.8,211.0,15.0,0,30,2,17,1
3394,44,Female,30,5583.9,366.0,11.0,4,19,11,10,1
3395,54,Female,10,3291.97,399.0,3.0,3,44,22,2,0
3396,62,Female,37,6693.2,413.0,9.0,6,18,2,25,1
3397,28,Male,41,700.42,295.0,0.0,6,51,22,5,1
3398,40,Female,57,6561.2,177.0,15.0,0,81,18,5,1
3399,58,Male,21,1494.56,323.0,7.0,1,67,2,8,1
3400,37,Male,26,4015.16,280.0,24.0,9,29,43,21,1
3401,39,Male,52,1592.1,207.0,28.0,2,44,35,23,1
3402,34,Female,40,2495.95,360.0,3.0,3,84,21,6,1
3403,38,Male,7,979.67,491.0,22.0,7,5,26,8,0
3404,52,Male,9,6419.79,391.0,1.0,9,11,15,11,1
3405,20,Female,22,4497.96,73.0,24.0,2,89,23,16,1
3406,60,Female,5,4722.51,234.0,22.0,1,67,29,12,1
3407,38,Male,9,4747.77,468.0,14.0,1,17,17,24,1
3408,34,Male,40,4425.89,,27.0,7,55,11,1,1
3409,64,Female,10,766.79,71.0,29.0,3,34,46,7,0
3410,59,Male,51,1589.58,27.0,18.0,8,57,44,12,1
3411,44,Male,55,6760.81,161.0,22.0,8,31,20,28,1
3412,62,Female,7,4098.28,232.0,2.0,0,9,6,14,1
3413,20,Male,18,2620.18,134.0,8.0,3,6,20,5,0
3414,21,Male,5,1973.88,530.0,22.0,8,37,23,22,1
3415,40,Male,34,843.3,359.0,14.0,5,73,3,16,1
3416,38,Female,50,5247.06,228.0,21.0,3,44,8,18,1
3417,21,Male,18,883.49,112.0,9.0,8,73,49,2,0
3418,58,Male,10,4330.31,340.0,20.0,5,69,20,14,1
3419,44,Male,29,1502.95,50.0,7.0,9,21,21,14,1
3420,25,Male,27,1891.69,176.0,22.0,0,83,49,1,1
3421,62,Male,34,1522.74,169.0,29.0,8,15,24,13,1
3422,50,Female,7,,134.0,14.0,9,68,2,21,1
3423,46,Male,22,241.27,295.0,12.0,6,82,32,4,0
3424,35,Male,10,1782.92,162.0,23.0,2,84,41,0,1
3425,26,Female,57,1899.6,433.0,22.0,5,17,39,6,1
3426,36,Male,32,5538.9,334.0,0.0,4,36,35,4,1
3427,56,Male,19,2270.07,311.0,25.0,8,86,19,25,0
3428,55,Male,2,3792.62,497.0,15.0,5,11,37,9,0
3429,25,Female,26,652.54,321.0,23.0,6,29,35,14,1
3430,56,Female,26,2509.5,307.0,6.0,6,9,23,13,1
3431,27,Male,49,5764.23,112.0,15.0,1,21,6,26,1
3432,32,Male,50,6005.25,481.0,7.0,4,10,41,29,1
3433,37,Male,32,1445.43,233.0,5.0,1,86,3,12,1
3434,18,Female,9,2770.27,106.0,2.0,8,2,45,19,0
3435,23,Female,3,931.75,491.0,4.0,6,50,39,25,0
3436,42,Male,5,2723.91,64.0,0.0,2,50,46,0,1
3437,40,Male,1,5216.18,93.0,26.0,0,13,4,5,1
3438,54,Male,49,529.12,564.0,23.0,1,43,11,29,1
3439,57,Female,43,2838.86,96.0,28.0,4,72,4,25,1
3440,51,Female,35,1189.03,580.0,20.0,7,12,43,13,1
3441,61,Male,21,3192.71,223.0,27.0,5,81,8,5,0
3442,32,Male,46,4534.36,534.0,12.0,9,74,38,19,1
3443,61,Female,47,4954.85,87.0,18.0,1,4,41,19,1
3444,34,Male,27,783.64,548.0,1.0,9,64,28,7,1
3445,30,Male,0,2620.72,37.0,5.0,4,21,6,22,0
3446,38,Female,15,2033.34,446.0,23.0,8,2,30,29,0
3447,36,Male,50,4583.72,441.0,24.0,8,26,27,27,1
3448,57,Male,29,5224.9,260.0,8.0,6,89,38,22,1
3449,22,Female,54,,321.0,16.0,3,14,34,2,1
3450,36,Female,3,4864.63,598.0,3.0,4,43,29,24,1
3451,29,Female,32,2582.38,101.0,26.0,2,32,6,15,1
3452,42,Male,43,2230.69,436.0,25.0,9,27,11,0,1
3453,20,Female,44,1782.51,286.0,3.0,0,23,44,7,1
3454,23,Male,2,2867.48,354.0,14.0,1,21,12,20,1
3455,29,Female,23,2511.55,10.0,10.0,4,19,49,3,0
3456,59,Male,6,4936.29,366.0,13.0,9,35,25,17,1
3457,61,Female,30,1318.11,317.0,0.0,3,72,2,16,1
3458,62,Female,11,1303.64,269.0,10.0,4,41,7,18,0
3459,54,Female,38,72.95,55.0,4.0,6,22,21,25,1
3460,38,Male,39,6961.92,168.0,19.0,5,46,29,22,1
3461,51,Male,51,13998.22,263.0,23.0,5,62,49,24,1
3462,22,Male,17,445.98,202.0,25.0,3,64,8,29,0
3463,33,Female,43,471.58,243.0,11.0,7,2,29,15,1
3464,64,Male,20,781.86,258.0,7.0,9,82,0,3,0
3465,38,Male,22,3681.93,124.0,11.0,7,62,42,23,0
3466,39,Female,8,1910.69,236.0,7.0,2,49,37,7,1
3467,40,Male,34,358.32,124.0,15.0,0,64,16,1,1
3468,50,Female,34,4077.91,538.0,18.0,3,85,39,23,1
3469,51,Male,58,921.32,438.0,6.0,0,15,28,12,1
3470,36,Male,19,1401.74,280.0,,8,70,47,26,0
3471,57,Male,33,2719.26,123.0,26.0,0,24,11,13,1
3472,36,Female,20,5279.0,117.0,4.0,3,20,13,14,1
3473,64,Female,36,387.91,328.0,24.0,4,22,25,16,1
3474,39,Male,17,792.59,242.0,4.0,2,21,37,29,1
3475,40,Male,7,,61.0,2.0,4,31,28,25,1
3476,38,Female,52,5256.96,594.0,1.0,0,21,49,27,1
3477,59,Male,16,5081.55,151.0,6.0,1,59,48,15,1
3478,28,Female,19,6047.98,307.0,0.0,1,50,10,8,1
3479,25,Male,41,1999.83,232.0,22.0,4,28,11,22,1
3480,50,Male,31,58.82,86.0,17.0,5,37,26,6,1
3481,43,Male,49,4633.3,581.0,24.0,8,59,9,29,1
3482,58,Female,31,1637.51,164.0,18.0,7,67,35,27,1
3483,27,Female,35,3336.42,470.0,21.0,6,66,33,1,1
3484,28,Male,46,4133.93,259.0,11.0,1,18,48,17,1
3485,36,Male,22,2452.66,309.0,16.0,6,47,7,1,0
3486,59,Male,38,6844.89,49.0,7.0,9,43,6,9,1
3487,63,Female,23,4636.34,466.0,4.0,5,72,48,13,1
3488,42,Male,48,4033.52,145.0,22.0,1,22,15,23,1
3489,48,Female,53,6843.97,45.0,6.0,5,16,6,22,1
3490,35,Male,0,1680.81,327.0,25.0,9,59,17,16,0
3491,48,Female,1,927.12,258.0,11.0,3,88,32,23,0
3492,29,Female,44,3019.44,,25.0,8,46,0,21,1
3493,48,Female,48,2423.61,164.0,15.0,3,3,20,28,1
3494,45,Female,27,6756.51,101.0,12.0,7,47,43,22,1
3495,55,Female,47,4163.89,383.0,3.0,2,41,30,19,1
3496,38,Female,11,,145.0,19.0,2,75,12,17,1
3497,32,Male,7,313.18,549.0,22.0,9,13,33,13,1
3498,21,Female,4,178.41,41.0,1.0,9,64,42,16,0
3499,18,Female,36,4332.8,485.0,,4,14,27,3,1
3500,56,Male,59,3421.02,503.0,24.0,2,52,18,5,1
3501,20,Male,37,5188.59,521.0,22.0,0,20,6,22,1
3502,39,Female,0,6272.95,492.0,18.0,7,17,12,25,1
3503,47,Female,30,4322.93,62.0,3.0,2,2,11,5,1
3504,28,Male,41,157.05,399.0,13.0,9,60,26,20,1
3505,26,Female,12,6330.07,73.0,8.0,8,2,19,8,1
3506,57,Female,0,4326.7,131.0,13.0,9,61,0,16,1
3507,32,Female,48,4251.53,169.0,27.0,0,83,1,24,1
3508,52,Female,11,1900.71,441.0,3.0,1,83,23,22,1
3509,20,Female,29,3938.41,,13.0,0,60,36,1,1
3510,29,Female,42,6897.85,241.0,4.0,1,46,1,23,1
3511,39,Female,35,1079.24,546.0,10.0,2,9,14,14,1
3512,42,Female,55,1776.98,489.0,19.0,7,79,19,7,1
3513,64,Female,48,1713.76,88.0,,4,54,42,29,1
3514,24,Female,20,3532.18,306.0,20.0,3,56,35,1,0
3515,51,Female,7,3564.6,240.0,10.0,9,48,44,27,0
3516,60,Female,27,1328.45,444.0,7.0,6,32,36,9,1
3517,61,Male,15,5210.24,217.0,19.0,4,88,48,11,1
3518,48,Female,6,1198.34,28.0,26.0,3,64,27,18,0
3519,19,Male,25,6394.98,187.0,16.0,2,34,46,4,1
3520,37,Female,31,4464.57,63.0,4.0,8,40,42,14,1
3521,36,Female,57,3764.36,262.0,18.0,8,3,14,15,1
3522,49,Female,3,2911.58,555.0,12.0,6,27,48,12,1
3523,28,Female,12,4021.68,369.0,3.0,0,44,40,20,1
3524,52,Male,25,1290.59,269.0,1.0,4,11,31,10,0
3525,28,Female,53,6023.81,570.0,0.0,2,33,6,16,1
3526,29,Male,30,4710.32,305.0,10.0,8,41,15,10,1
3527,18,Male,40,5334.83,259.0,29.0,6,42,20,13,1
3528,23,Female,21,3453.23,63.0,21.0,5,31,27,17,0
3529,50,Female,5,3293.33,194.0,16.0,6,83,26,16,0
3530,62,Female,50,4366.16,565.0,19.0,7,49,32,14,1
3531,64,Male,21,2778.81,534.0,14.0,5,12,21,28,1
3532,42,Female,53,1674.34,245.0,19.0,0,26,1,10,1
3533,51,Male,36,4363.61,158.0,25.0,9,36,40,24,1
3534,40,Male,58,3798.42,408.0,20.0,2,89,17,1,1
3535,42,Female,17,1035.31,196.0,25.0,4,15,13,19,0
3536,44,Male,47,3645.05,550.0,16.0,7,57,22,6,1
3537,58,Male,2,150.66,438.0,15.0,2,63,48,26,1
3538,63,Female,40,6578.87,464.0,11.0,7,47,40,6,1
3539,26,Female,8,,501.0,7.0,1,21,33,25,1
3540,46,Male,38,,259.0,9.0,5,77,6,4,1
3541,24,Male,46,1699.1,186.0,18.0,7,1,41,18,1
3542,20,Male,3,2003.03,73.0,2.0,0,82,16,6,1
3543,43,Male,19,3360.92,280.0,1.0,4,86,48,15,0
3544,34,Female,18,1284.73,13.0,0.0,5,19,18,10,0
3545,42,Female,52,2331.27,,3.0,8,9,1,2,1
3546,21,Male,19,115.64,244.0,0.0,3,35,42,28,0
3547,49,Male,58,2766.42,456.0,4.0,3,45,47,0,1
3548,42,Female,23,6382.96,443.0,8.0,2,49,37,4,1
3549,35,Male,46,1652.58,470.0,16.0,7,37,21,11,1
3550,29,Female,38,,431.0,6.0,7,27,36,17,1
3551,37,Male,25,2879.86,526.0,3.0,6,15,41,27,1
3552,56,Female,44,4198.4,59.0,18.0,9,73,38,9,1
3553,47,Male,40,100.77,362.0,11.0,7,32,10,20,1
3554,59,Female,53,872.39,378.0,8.0,4,86,11,3,1
3555,60,Male,44,6804.47,25.0,2.0,0,72,49,27,1
3556,39,Male,37,725.77,60.0,4.0,5,31,11,26,1
3557,55,Female,51,382.78,115.0,19.0,1,69,34,2,1
3558,31,Male,42,6618.7,224.0,6.0,9,13,11,26,1
3559,44,Male,25,6917.65,42.0,16.0,2,45,3,6,1
3560,53,Female,13,229.52,473.0,20.0,0,65,8,12,1
3561,38,Male,2,825.01,557.0,20.0,2,10,35,0,1
3562,32,Male,40,4936.91,519.0,,6,67,35,11,1
3563,41,Female,25,1183.15,254.0,5.0,9,68,37,4,0
3564,63,Female,25,233.88,173.0,13.0,9,48,15,0,0
3565,41,Male,0,5403.02,315.0,22.0,4,47,36,29,1
3566,63,Female,10,819.96,269.0,10.0,1,40,2,11,1
3567,44,Female,40,3608.1,54.0,3.0,2,25,0,22,1
3568,57,Male,18,3272.36,193.0,3.0,1,11,48,29,1
3569,42,Female,33,494.73,289.0,,6,38,22,6,1
3570,58,Female,32,204.75,204.0,12.0,6,20,37,18,1
3571,34,Female,20,3230.17,367.0,22.0,5,41,6,28,0
3572,52,Male,18,2563.09,168.0,14.0,3,25,16,6,0
3573,59,Female,53,1472.29,458.0,0.0,8,50,21,15,1
3574,60,Male,39,6317.42,484.0,3.0,1,67,25,0,1
3575,49,Male,26,798.01,200.0,23.0,1,70,32,28,1
3576,29,Male,47,764.53,477.0,,3,22,14,26,1
3577,22,Female,15,1986.54,284.0,7.0,5,9,46,23,0
3578,46,Female,15,7512.78,320.0,18.0,8,68,40,3,0
3579,22,Male,24,4455.05,313.0,29.0,7,32,27,29,1
3580,25,Male,45,6757.56,51.0,6.0,5,79,15,14,1
3581,30,Male,43,6433.32,337.0,,3,9,1,2,1
3582,61,Female,42,322.87,533.0,0.0,6,65,22,25,1
3583,26,Male,27,4635.38,156.0,3.0,0,20,28,3,1
3584,24,Male,123,3602.57,424.0,14.0,6,34,11,28,1
3585,28,Male,16,4284.67,280.0,10.0,5,76,16,17,1
3586,40,Male,29,3393.67,300.0,24.0,8,24,41,9,1
3587,55,Male,34,5874.3,45.0,19.0,4,19,47,16,1
3588,37,Female,12,6801.61,513.0,25.0,4,69,49,12,1
3589,36,Female,57,1598.01,61.0,18.0,0,44,49,20,1
3590,23,Female,9,4539.3,450.0,1.0,1,16,9,19,1
3591,53,Male,4,3752.82,337.0,29.0,9,59,31,26,0
3592,60,Male,41,6631.5,555.0,6.0,0,1,44,15,1
3593,38,Female,56,4000.24,,16.0,8,35,3,7,1
3594,21,Female,19,5483.9,30.0,13.0,7,59,29,21,1
3595,18,Male,18,,23.0,26.0,6,43,27,10,0
3596,50,Female,19,4206.9,491.0,11.0,4,34,2,14,1
3597,23,Male,11,5774.83,318.0,13.0,6,61,15,4,1
3598,22,Male,8,6013.8,304.0,1.0,6,52,41,1,1
3599,33,Male,43,801.33,33.0,24.0,8,16,45,1,1
3600,44,Male,3,1766.57,519.0,9.0,7,59,7,23,1
3601,56,Female,31,5565.59,295.0,21.0,9,48,13,16,1
3602,29,Male,57,1807.0,405.0,29.0,5,14,23,19,1
3603,50,Male,43,3187.05,527.0,8.0,7,65,25,2,1
3604,48,Female,42,2268.13,188.0,11.0,2,76,10,9,1
3605,46,Female,47,711.11,448.0,16.0,2,11,48,0,1
3606,20,Female,16,6842.52,297.0,26.0,2,74,36,12,1
3607,57,Female,54,4703.34,413.0,17.0,7,48,6,11,1
3608,19,Male,47,1108.45,446.0,3.0,9,5,46,4,1
3609,61,Male,54,3742.67,137.0,14.0,5,85,40,17,1
3610,25,Male,7,3155.24,284.0,0.0,4,31,18,2,0
3611,48,Male,31,2802.76,534.0,24.0,4,33,13,9,1
3612,34,Female,17,5413.76,590.0,0.0,1,1,26,27,1
3613,44,Male,53,2057.28,359.0,2.0,1,56,16,5,1
3614,36,Female,2,4648.21,52.0,1.0,4,61,25,17,1
3615,28,Male,12,2181.32,459.0,17.0,5,14,16,10,0
3616,20,Female,43,3142.58,494.0,25.0,2,69,23,24,1
3617,33,Male,12,5613.27,26.0,5.0,6,50,45,19,1
3618,28,Female,4,6055.56,222.0,8.0,6,62,45,25,1
3619,27,Male,53,314.35,258.0,13.0,6,52,43,3,1
3620,62,Female,24,2416.34,595.0,24.0,3,20,12,28,1
3621,44,Male,51,2703.07,67.0,13.0,2,1,38,10,1
3622,26,Female,34,4986.59,571.0,2.0,5,27,48,5,1
3623,51,Male,1,5245.4,,20.0,7,75,43,14,1
3624,47,Female,45,1579.73,417.0,26.0,4,30,40,25,1
3625,40,Male,57,4246.42,541.0,2.0,8,47,4,7,1
3626,19,Female,10,5742.27,163.0,7.0,5,1,6,6,1
3627,21,Male,36,923.9,431.0,12.0,4,89,4,21,1
3628,19,Female,35,357.49,325.0,24.0,1,88,5,28,1
3629,20,Female,26,2084.36,228.0,24.0,6,51,2,12,1
3630,47,Female,35,5209.68,501.0,27.0,0,46,4,6,1
3631,39,Female,12,1373.14,388.0,3.0,1,14,41,27,1
3632,33,Male,28,6350.09,457.0,4.0,0,69,32,2,1
3633,20,Male,38,4946.5,199.0,27.0,7,73,7,23,1
3634,49,Male,42,540.6,245.0,28.0,1,53,44,3,1
3635,61,Male,32,5010.22,60.0,22.0,9,64,46,10,1
3636,29,Male,31,658.97,422.0,1.0,6,69,21,4,1
3637,21,Female,29,1261.36,274.0,19.0,5,14,15,6,1
3638,51,Male,21,6491.56,335.0,20.0,9,8,18,21,1
3639,28,Male,10,2557.01,532.0,10.0,0,36,35,14,1
3640,29,Male,6,3373.76,377.0,,7,38,24,3,0
3641,42,Male,45,4698.12,487.0,,9,18,49,24,1
3642,21,Male,50,6961.28,278.0,19.0,4,25,43,1,1
3643,38,Female,35,3255.4,480.0,28.0,8,65,11,11,1
3644,56,Male,16,5017.66,313.0,2.0,9,69,0,14,1
3645,64,Male,56,4057.7,538.0,10.0,4,53,29,9,1
3646,19,Female,34,4577.79,535.0,11.0,9,89,7,8,1
3647,61,Female,28,4383.9,215.0,5.0,1,63,19,12,1
3648,44,Male,10,1625.35,211.0,12.0,4,32,35,1,0
3649,49,Male,42,6933.28,383.0,27.0,5,69,49,2,1
3650,29,Female,54,6469.78,538.0,25.0,2,43,34,12,1
3651,59,Female,37,,183.0,28.0,6,84,21,5,1
3652,18,Female,0,2407.14,36.0,20.0,7,78,45,8,0
3653,59,Male,13,5552.85,513.0,16.0,9,71,44,6,1
3654,60,Male,43,2728.09,559.0,7.0,1,80,15,4,1
3655,41,Female,45,6125.83,597.0,23.0,9,65,40,4,1
3656,53,Male,37,2713.49,264.0,25.0,9,0,16,23,1
3657,32,Female,22,3102.28,,20.0,4,28,8,14,0
3658,27,Male,41,3097.06,121.0,7.0,5,9,36,28,1
3659,62,Male,37,2940.87,422.0,26.0,1,26,20,11,1
3660,45,Male,53,3177.88,16.0,21.0,0,12,12,22,1
3661,19,Female,56,791.62,160.0,14.0,4,9,35,19,1
3662,54,Male,41,4736.45,203.0,8.0,1,9,38,28,1
3663,56,Male,17,5034.06,452.0,3.0,0,74,44,11,1
3664,42,Male,51,6995.63,227.0,11.0,5,34,38,26,1
3665,45,Female,0,4698.85,517.0,16.0,9,79,1,24,1
3666,56,Female,45,6242.92,22.0,1.0,6,70,12,10,1
3667,30,Female,58,2009.83,269.0,22.0,7,58,18,13,1
3668,19,Male,2,6645.45,383.0,23.0,9,6,18,17,1
3669,63,Female,50,4368.34,168.0,14.0,4,26,26,10,1
3670,31,Female,56,4489.77,171.0,2.0,5,62,5,8,1
3671,32,Female,12,3486.97,,13.0,9,51,22,6,0
3672,24,Female,27,5790.68,319.0,21.0,8,62,13,14,1
3673,36,Male,3,4112.63,10.0,4.0,4,35,6,9,1
3674,35,Male,1,5506.02,78.0,11.0,5,34,2,14,1
3675,55,Female,49,4180.0,36.0,,2,61,26,5,1
3676,35,Female,14,6156.58,,21.0,4,59,17,28,1
3677,27,Female,38,5836.25,124.0,9.0,0,22,45,14,1
3678,36,Female,45,4237.13,555.0,28.0,6,72,5,7,1
3679,25,Female,59,6453.96,257.0,26.0,4,30,7,11,1
3680,50,Female,12,353.48,509.0,0.0,7,73,32,5,1
3681,21,Male,15,1387.83,109.0,0.0,9,72,47,7,0
3682,27,Female,0,6447.45,248.0,29.0,2,25,40,7,1
3683,25,Male,18,367.86,318.0,12.0,8,84,3,2,0
3684,59,Female,17,4518.07,185.0,7.0,9,30,22,12,1
3685,44,Male,36,5763.65,544.0,12.0,4,85,34,16,1
3686,59,Female,22,6448.86,202.0,27.0,4,44,29,27,1
3687,57,Male,41,3651.91,381.0,6.0,1,8,6,6,1
3688,56,Female,32,6201.96,194.0,11.0,7,74,5,9,1
3689,46,Female,42,4216.55,251.0,17.0,5,61,48,22,1
3690,41,Male,0,1258.31,58.0,1.0,8,74,2,0,0
3691,58,Male,57,6247.92,292.0,24.0,2,60,13,3,1
3692,44,Female,34,2096.76,66.0,3.0,2,26,39,17,1
3693,52,Female,34,350.93,331.0,26.0,8,25,17,28,1
3694,54,Male,45,3149.11,301.0,26.0,7,80,49,20,1
3695,47,Female,44,5200.09,441.0,15.0,8,65,6,18,1
3696,57,Female,27,3784.91,367.0,1.0,6,81,37,2,1
3697,49,Male,32,1817.88,444.0,21.0,6,43,8,25,1
3698,19,Female,26,5176.1,349.0,14.0,1,89,16,11,1
3699,58,Male,51,2461.57,264.0,3.0,9,85,43,21,1
3700,55,Male,54,5603.25,176.0,19.0,4,17,2,14,1
3701,52,Female,29,426.19,90.0,18.0,4,4,13,0,1
3702,39,Male,34,1262.81,13.0,11.0,1,56,45,10,1
3703,45,Male,47,4955.24,86.0,18.0,3,32,44,0,1
3704,54,Female,16,4009.73,163.0,19.0,8,7,5,29,1
3705,18,Female,52,1120.52,464.0,26.0,3,76,44,0,1
3706,52,Female,28,3694.7,155.0,1.0,3,57,30,7,1
3707,35,Male,26,565.92,314.0,25.0,5,14,2,3,1
3708,39,Male,47,4234.16,585.0,22.0,2,64,28,0,1
3709,20,Female,48,3071.74,151.0,4.0,8,1,1,5,1
3710,41,Female,31,5910.45,129.0,26.0,4,10,25,16,1
3711,48,Female,56,5207.36,464.0,9.0,9,69,29,17,1
3712,59,Male,42,3063.39,116.0,21.0,0,63,49,8,1
3713,51,Male,53,5244.34,17.0,16.0,7,27,6,11,1
3714,63,Female,52,6259.19,83.0,1.0,5,76,13,14,1
3715,24,Female,4,5828.24,305.0,5.0,6,68,36,4,1
3716,60,Female,1,3756.01,45.0,29.0,6,25,10,5,0
3717,34,Female,11,4192.5,475.0,5.0,9,82,21,13,1
3718,57,Female,56,,143.0,19.0,8,56,38,22,1
3719,54,Male,44,2145.85,545.0,13.0,7,55,34,17,1
3720,29,Male,50,3471.38,484.0,3.0,6,64,44,13,1
3721,35,Male,38,6303.22,219.0,4.0,4,1,26,2,1
3722,40,Female,18,6911.74,466.0,24.0,3,27,14,0,1
3723,31,Male,28,6308.32,267.0,4.0,0,42,11,27,1
3724,47,Female,40,1370.41,400.0,,6,12,15,11,1
3725,42,Male,3,4055.48,79.0,25.0,3,47,32,21,1
3726,49,Male,13,5323.12,197.0,7.0,8,10,42,26,0
3727,52,Female,35,4526.47,292.0,21.0,1,40,1,22,1
3728,45,Female,4,3347.24,597.0,,4,87,38,22,1
3729,64,Female,54,1472.28,223.0,4.0,9,41,7,21,1
3730,32,Male,11,6585.41,581.0,16.0,9,38,45,13,1
3731,37,Male,36,2506.21,198.0,29.0,7,33,35,12,1
3732,49,Male,53,5315.92,159.0,23.0,9,83,47,17,1
3733,23,Female,59,4034.18,11.0,9.0,2,70,34,20,1
3734,52,Male,37,6190.28,114.0,3.0,6,70,41,1,1
3735,38,Female,38,5271.24,250.0,2.0,1,55,40,7,1
3736,32,Female,24,3088.05,297.0,12.0,5,71,1,2,0
3737,44,Female,5,949.42,301.0,20.0,3,9,31,21,0
3738,30,Male,46,1546.34,503.0,22.0,5,52,48,2,1
3739,52,Male,32,3749.55,512.0,28.0,4,65,0,0,1
3740,20,Female,18,2409.41,396.0,20.0,5,65,42,15,0
3741,32,Male,9,3375.14,34.0,14.0,1,24,31,17,1
3742,30,Female,53,,85.0,16.0,9,77,19,22,1
3743,39,Female,37,3204.61,15.0,13.0,6,13,47,28,1
3744,34,Female,14,4674.8,248.0,0.0,3,43,26,29,1
3745,38,Male,6,3947.49,417.0,11.0,4,38,21,16,0
3746,27,Male,12,2873.16,567.0,11.0,0,41,32,1,1
3747,30,Male,46,6235.21,58.0,26.0,7,87,19,29,1
3748,35,Female,28,1979.29,230.0,7.0,2,66,30,16,1
3749,55,Male,2,754.32,63.0,11.0,6,64,1,26,0
3750,27,Female,18,5942.38,381.0,2.0,8,76,45,4,1
3751,48,Female,28,,181.0,17.0,2,31,41,3,1
3752,51,Female,30,1117.29,26.0,16.0,4,73,21,27,1
3753,43,Male,58,4820.37,229.0,21.0,3,43,30,1,1
3754,45,Female,14,5109.68,225.0,14.0,4,15,36,24,1
3755,43,Female,49,6766.8,12.0,12.0,6,65,39,17,1
3756,54,Female,55,6664.46,251.0,15.0,3,87,45,26,1
3757,53,Female,21,4795.66,433.0,25.0,3,35,39,28,0
3758,36,Male,55,5127.55,238.0,10.0,1,40,37,27,1
3759,52,Female,43,6687.16,122.0,0.0,1,75,2,7,1
3760,32,Male,52,4037.49,390.0,23.0,6,65,48,8,1
3761,58,Male,42,1064.24,310.0,28.0,7,82,37,23,1
3762,41,Female,28,1866.24,569.0,3.0,7,28,13,13,1
3763,60,Female,19,5425.6,119.0,15.0,9,6,41,5,1
3764,41,Male,26,3273.38,407.0,16.0,5,65,29,20,1
3765,55,Male,43,2424.51,511.0,25.0,0,16,28,2,1
3766,57,Male,4,4819.32,55.0,2.0,5,54,15,19,1
3767,21,Male,38,1080.93,599.0,11.0,9,22,21,19,1
3768,33,Male,57,8320.32,104.0,10.0,2,83,45,12,1
3769,36,Female,11,6285.54,217.0,11.0,6,41,15,2,1
3770,19,Female,22,1528.68,396.0,6.0,5,4,49,10,0
3771,35,Female,54,3543.37,116.0,19.0,2,24,39,7,1
3772,63,Female,9,4621.89,142.0,3.0,5,61,29,23,1
3773,63,Male,29,1303.75,499.0,26.0,5,34,48,28,1
3774,34,Male,32,4228.61,575.0,16.0,6,3,45,18,1
3775,21,Male,3,896.78,89.0,21.0,2,82,14,6,1
3776,47,Female,49,2525.07,159.0,7.0,8,73,21,19,1
3777,31,Male,57,5142.04,439.0,25.0,8,15,12,2,1
3778,21,Female,33,1520.54,562.0,5.0,3,84,44,2,1
3779,23,Female,41,233.77,439.0,1.0,5,3,8,20,1
3780,57,Female,31,755.67,411.0,22.0,8,47,12,20,1
3781,42,Female,20,5326.75,193.0,17.0,1,35,37,6,1
3782,64,Male,16,3936.14,396.0,27.0,5,59,48,23,0
3783,47,Male,10,3999.78,228.0,4.0,3,76,36,8,0
3784,40,Female,30,,313.0,26.0,8,44,18,27,1
3785,36,Male,54,1221.37,161.0,22.0,0,46,29,12,1
3786,36,Female,20,1881.21,538.0,19.0,5,33,20,26,1
3787,52,Male,50,2780.9,488.0,4.0,7,22,9,9,1
3788,52,Female,49,3193.23,406.0,2.0,5,8,30,12,1
3789,57,Female,34,4397.11,165.0,12.0,5,46,5,29,1
3790,32,Female,1,4769.24,131.0,25.0,1,68,18,16,1
3791,49,Female,35,1407.02,598.0,21.0,7,54,9,25,1
3792,40,Male,49,3074.28,92.0,6.0,7,83,21,15,1
3793,31,Female,7,4031.7,377.0,28.0,7,84,26,3,1
3794,43,Female,10,3750.24,248.0,21.0,6,24,13,11,0
3795,60,Female,96,6986.88,205.0,13.0,9,6,30,29,1
3796,64,Male,19,4481.41,308.0,2.0,5,29,26,9,1
3797,53,Female,12,635.38,,24.0,1,59,41,9,1
3798,32,Male,30,1188.29,542.0,13.0,6,79,3,15,1
3799,19,Female,54,5478.33,533.0,13.0,6,45,23,7,1
3800,36,Male,5,6339.91,578.0,11.0,5,27,16,6,1
3801,47,Female,33,4183.23,195.0,4.0,0,76,16,17,1
3802,63,Female,22,4125.69,98.0,20.0,9,9,33,3,1
3803,30,Female,12,2306.11,348.0,17.0,8,75,31,13,0
3804,32,Male,4,693.12,470.0,16.0,6,47,13,20,0
3805,26,Female,12,1751.82,81.0,9.0,3,12,11,3,0
3806,50,Female,44,6890.18,207.0,22.0,0,54,12,15,1
3807,20,Female,58,4212.22,577.0,23.0,5,69,30,6,1
3808,47,Female,19,1856.88,158.0,24.0,4,48,33,1,0
3809,42,Male,15,6133.33,374.0,11.0,6,75,47,3,1
3810,64,Male,26,4348.3,362.0,14.0,4,89,4,14,1
3811,50,Female,9,2585.41,232.0,24.0,9,31,24,19,0
3812,24,Male,8,2819.16,411.0,21.0,0,72,29,16,1
3813,48,Male,43,1346.39,83.0,13.0,8,19,38,2,1
3814,34,Female,39,4438.79,459.0,23.0,2,85,25,26,1
3815,52,Male,59,1456.47,355.0,3.0,5,84,26,25,1
3816,61,Male,15,5071.23,505.0,11.0,0,37,7,0,1
3817,19,Male,26,2458.52,196.0,,2,15,0,7,1
3818,34,Female,6,6020.19,247.0,18.0,2,62,33,13,1
3819,63,Male,53,6904.79,365.0,2.0,8,52,37,19,1
3820,29,Female,23,2142.53,89.0,3.0,2,74,39,20,1
3821,59,Female,11,452.14,374.0,25.0,4,11,20,11,0
3822,18,Female,57,1330.4,143.0,1.0,4,46,40,9,1
3823,22,Male,19,2151.21,412.0,21.0,1,79,44,18,1
3824,57,Female,5,3767.86,313.0,19.0,4,79,29,28,0
3825,34,Female,3,5474.89,34.0,25.0,2,87,30,2,1
3826,64,Male,55,4629.24,142.0,15.0,8,67,38,29,1
3827,51,Male,50,519.63,594.0,15.0,6,9,28,14,1
3828,44,Female,41,4005.62,171.0,22.0,1,53,11,21,1
3829,20,Female,177,,331.0,13.0,0,2,43,6,1
3830,45,Female,25,2014.49,136.0,13.0,0,71,13,6,1
3831,61,Female,51,1771.61,46.0,24.0,5,49,41,27,1
3832,18,Male,23,1813.26,101.0,6.0,0,11,48,14,1
3833,28,Female,56,6314.39,110.0,26.0,6,73,49,0,1
3834,27,Female,20,3409.22,458.0,22.0,2,88,34,10,1
3835,28,Female,23,6233.31,458.0,14.0,5,75,25,27,1
3836,60,Male,40,5276.38,316.0,,6,45,43,10,1
3837,49,Male,47,4679.4,437.0,27.0,2,69,24,14,1
3838,63,Female,30,5235.65,195.0,27.0,1,51,22,26,1
3839,38,Male,59,991.0,,0.0,3,26,34,1,1
3840,44,Male,10,6893.83,33.0,13.0,3,28,35,25,1
3841,59,Female,9,787.36,126.0,4.0,0,37,26,15,1
3842,51,Male,10,,26.0,6.0,4,11,1,13,1
3843,25,Female,14,666.7,177.0,19.0,1,82,32,22,1
3844,39,Male,35,679.75,461.0,6.0,0,88,26,13,1
3845,50,Male,14,5155.46,583.0,1.0,9,72,25,7,1
3846,28,Male,41,5384.1,516.0,28.0,4,85,39,27,1
3847,27,Female,57,284.08,597.0,,0,83,42,21,1
3848,64,Female,29,6352.46,82.0,24.0,7,69,39,19,1
3849,20,Male,38,3317.88,504.0,27.0,9,8,24,8,1
3850,63,Male,23,3838.48,534.0,4.0,4,54,39,21,1
3851,45,Male,12,1298.39,302.0,23.0,0,0,37,23,1
3852,50,Male,3,1339.52,55.0,15.0,7,24,45,11,0
3853,36,Male,10,1169.0,177.0,3.0,9,84,0,16,0
3854,34,Female,15,2104.39,99.0,4.0,2,27,19,26,1
3855,61,Female,37,445.52,439.0,27.0,8,6,30,19,1
3856,35,Female,33,6453.51,236.0,15.0,0,5,14,1,1
3857,43,Male,59,2145.38,477.0,26.0,0,64,1,5,1
3858,25,Male,26,4222.12,77.0,16.0,8,57,30,27,1
3859,61,Female,50,,524.0,14.0,2,86,44,7,1
3860,24,Female,4,1182.5,134.0,18.0,8,21,42,19,0
3861,37,Female,59,2536.33,456.0,1.0,1,19,18,22,1
3862,47,Male,1,4398.51,591.0,19.0,1,15,47,14,1
3863,62,Female,18,5713.34,392.0,0.0,1,69,36,12,1
3864,35,Female,41,3587.13,30.0,11.0,6,48,49,22,1
3865,32,Male,44,291.01,543.0,28.0,5,27,44,19,1
3866,37,Male,43,4712.96,584.0,28.0,1,12,9,28,1
3867,37,Male,48,5141.7,152.0,11.0,7,5,30,17,1
3868,64,Female,44,3631.55,288.0,15.0,5,53,5,20,1
3869,32,Male,57,1043.57,421.0,12.0,7,15,36,16,1
3870,61,Male,46,144.08,229.0,5.0,0,61,40,2,1
3871,35,Male,57,3571.74,596.0,8.0,3,89,20,2,1
3872,28,Female,16,5509.97,350.0,25.0,1,0,5,13,1
3873,54,Female,0,419.06,327.0,16.0,7,16,43,21,0
3874,38,Male,8,3451.31,493.0,2.0,3,24,20,29,0
3875,47,Female,33,6305.93,257.0,26.0,3,40,46,26,1
3876,32,Male,24,2003.65,33.0,21.0,2,89,30,1,1
3877,64,Female,51,4150.64,595.0,27.0,9,65,0,28,1
3878,56,Female,13,5550.35,72.0,10.0,2,27,49,3,1
3879,30,Male,12,,321.0,20.0,4,79,19,16,1
3880,19,Male,53,1061.43,165.0,2.0,1,6,31,21,1
3881,53,Female,26,6651.59,339.0,29.0,6,15,47,2,1
3882,45,Male,33,2711.83,9.0,0.0,0,54,46,6,1
3883,44,Female,12,1520.26,453.0,29.0,4,87,35,11,0
3884,42,Male,0,2906.74,447.0,11.0,8,18,44,19,0
3885,53,Male,20,6565.19,31.0,10.0,8,44,30,18,1
3886,44,Male,56,3948.62,82.0,10.0,4,7,33,9,1
3887,60,Male,41,440.98,244.0,14.0,7,0,20,16,1
3888,38,Male,19,1619.79,122.0,9.0,3,3,14,19,0
3889,61,Female,15,2744.2,352.0,0.0,1,54,47,7,1
3890,39,Female,48,4556.47,145.0,20.0,0,80,42,14,1
3891,28,Male,42,583.62,382.0,27.0,9,25,39,8,1
3892,32,Female,50,5122.06,575.0,17.0,9,87,17,23,1
3893,53,Female,32,3842.91,94.0,16.0,7,22,3,26,1
3894,55,Male,17,3785.22,163.0,1.0,2,9,6,25,1
3895,63,Female,35,1656.13,49.0,20.0,5,28,40,4,1
3896,35,Male,44,2132.33,22.0,5.0,2,3,47,26,1
3897,44,Female,25,,303.0,18.0,3,66,29,15,0
3898,32,Female,6,2410.74,572.0,15.0,7,55,3,1,1
3899,24,Female,45,4139.29,531.0,3.0,5,4,35,5,1
3900,31,Male,16,5202.32,380.0,3.0,8,10,45,15,1
3901,59,Male,51,5028.44,175.0,7.0,9,21,39,20,1
3902,43,Female,31,2709.78,468.0,11.0,0,31,29,1,1
3903,35,Male,9,6262.58,242.0,26.0,7,51,20,1,1
3904,20,Male,18,3600.87,399.0,7.0,2,10,36,29,1
3905,29,Female,12,4131.56,99.0,11.0,9,19,34,7,1
3906,20,Female,44,4513.22,389.0,22.0,2,61,48,24,1
3907,38,Female,58,480.43,404.0,24.0,0,83,2,10,1
3908,41,Male,48,9658.38,175.0,9.0,5,51,8,6,1
3909,40,Female,17,3473.01,242.0,13.0,3,7,29,2,0
3910,60,Female,42,2619.66,235.0,2.0,5,33,8,3,1
3911,54,Male,6,4380.84,486.0,1.0,9,63,47,22,1
3912,40,Female,3,3221.93,542.0,26.0,5,16,26,27,1
3913,34,Male,55,2362.36,418.0,18.0,6,32,36,19,1
3914,38,Male,6,2560.79,86.0,5.0,7,18,19,20,0
3915,18,Male,38,6233.12,61.0,24.0,9,36,11,2,1
3916,43,Male,36,2426.1,173.0,0.0,9,83,11,8,1
3917,18,Male,4,4973.27,206.0,8.0,3,82,31,19,1
3918,25,Male,59,716.57,198.0,13.0,1,89,14,9,1
3919,55,Male,50,2039.59,550.0,11.0,3,55,32,26,1
3920,47,Female,20,5698.13,93.0,1.0,5,27,48,6,1
3921,40,Male,41,6512.55,115.0,0.0,6,34,29,28,1
3922,22,Female,75,6129.06,246.0,26.0,8,43,38,18,1
3923,59,Female,15,5218.43,66.0,15.0,6,38,36,22,1
3924,58,Male,90,3655.6,132.0,5.0,4,17,10,16,1
3925,52,Female,54,4091.15,172.0,22.0,2,48,24,16,1
3926,63,Male,31,4793.29,198.0,9.0,9,60,0,0,1
3927,62,Male,23,5176.05,,18.0,3,0,29,24,1
3928,28,Female,23,3871.03,513.0,19.0,5,36,44,14,1
3929,22,Female,22,364.2,594.0,23.0,3,12,19,17,1
3930,20,Female,29,,467.0,28.0,3,2,20,24,1
3931,40,Female,84,2123.94,499.0,19.0,0,78,27,21,1
3932,59,Male,17,6333.31,383.0,3.0,9,42,33,22,1
3933,58,Female,16,2224.14,47.0,19.0,5,85,32,14,0
3934,42,Male,23,4236.77,389.0,10.0,1,50,7,16,1
3935,23,Female,41,2580.09,405.0,,7,2,29,27,1
3936,50,Female,14,1404.05,426.0,,1,0,15,2,1
3937,54,Female,2,4778.26,523.0,26.0,5,53,36,19,1
3938,57,Male,50,4552.04,247.0,7.0,2,1,41,9,1
3939,41,Male,51,531.65,289.0,5.0,6,59,38,13,1
3940,24,Male,40,5815.12,270.0,1.0,6,15,38,6,1
3941,26,Female,29,3761.25,230.0,10.0,1,21,18,9,1
3942,18,Female,57,120.39,277.0,14.0,3,49,6,19,1
3943,60,Female,19,3677.06,375.0,1.0,5,79,12,9,0
3944,28,Female,21,1946.09,491.0,21.0,2,4,25,18,1
3945,50,Male,19,4162.43,450.0,29.0,0,41,1,12,1
3946,20,Male,48,3637.32,239.0,22.0,1,82,17,2,1
3947,18,Male,13,4676.92,546.0,7.0,4,56,25,19,1
3948,39,Female,39,4301.43,325.0,12.0,0,28,36,20,1
3949,50,Female,44,2231.87,321.0,1.0,8,75,26,16,1
3950,31,Male,24,2569.73,394.0,22.0,9,88,44,4,0
3951,45,Female,6,4116.03,346.0,6.0,9,62,19,3,1
3952,48,Female,45,,557.0,18.0,8,11,48,4,1
3953,45,Female,4,6793.27,494.0,23.0,9,11,3,1,1
3954,20,Male,38,5715.95,214.0,4.0,0,21,36,4,1
3955,55,Male,2,1236.83,181.0,5.0,1,50,48,12,1
3956,26,Female,34,4260.32,551.0,4.0,8,40,32,12,1
3957,21,Female,53,2316.32,201.0,29.0,0,40,8,15,1
3958,35,Female,12,869.89,463.0,16.0,0,81,47,19,1
3959,58,Female,5,2308.7,423.0,6.0,5,0,11,24,0
3960,51,Female,21,3591.74,252.0,6.0,1,75,21,24,1
3961,59,Female,26,3530.81,279.0,2.0,8,54,35,29,1
3962,23,Male,30,2483.24,388.0,4.0,2,35,31,11,1
3963,61,Female,36,2441.27,472.0,15.0,8,78,11,13,1
3964,31,Male,9,2988.61,557.0,29.0,7,41,12,12,1
3965,56,Male,39,6047.29,479.0,27.0,4,80,35,28,1
3966,28,Male,38,6153.18,390.0,25.0,8,35,41,5,1
3967,33,Male,36,2831.82,538.0,18.0,2,26,2,12,1
3968,19,Male,56,1013.05,209.0,1.0,5,47,43,25,1
3969,55,Male,8,436.39,144.0,15.0,1,37,36,22,1
3970,42,Male,53,6397.57,19.0,7.0,8,50,34,28,1
3971,21,Male,47,2605.06,536.0,16.0,3,8,26,28,1
3972,30,Female,28,6973.25,324.0,17.0,7,61,38,20,1
3973,56,Male,52,3993.3,47.0,29.0,1,5,44,22,1
3974,26,Male,41,224.25,221.0,21.0,9,23,13,23,1
3975,22,Female,53,1626.44,581.0,11.0,1,70,31,13,1
3976,54,Male,21,2464.96,40.0,9.0,3,9,26,27,0
3977,28,Male,11,832.51,404.0,18.0,7,31,40,20,0
3978,30,Female,7,6528.07,87.0,8.0,5,32,30,7,1
3979,45,Male,59,227.38,594.0,16.0,5,29,32,17,1
3980,39,Female,14,742.72,406.0,19.0,1,73,44,17,1
3981,58,Male,42,264.92,175.0,14.0,8,5,22,22,1
3982,50,Male,47,575.99,303.0,0.0,6,21,45,8,1
3983,30,Female,13,4470.33,298.0,20.0,4,0,8,10,1
3984,34,Male,14,6938.67,314.0,21.0,6,26,37,17,1
3985,60,Male,51,4197.71,257.0,24.0,0,54,19,1,1
3986,64,Male,24,3014.97,173.0,29.0,0,78,23,13,1
3987,20,Female,57,5368.82,159.0,28.0,5,0,10,8,1
3988,49,Female,25,1098.66,407.0,15.0,6,1,39,17,0
3989,39,Female,17,3051.07,9.0,10.0,5,89,23,26,0
3990,31,Male,12,5696.23,228.0,14.0,3,65,23,16,1
3991,32,Female,45,6956.48,366.0,19.0,8,45,35,17,1
3992,19,Female,3,4914.35,562.0,5.0,8,85,19,24,1
3993,42,Female,23,6188.7,94.0,3.0,5,19,21,24,1
3994,59,Male,39,5711.96,208.0,11.0,0,23,45,27,1
3995,27,Female,22,5373.27,385.0,25.0,9,52,44,28,1
3996,26,Female,4,,200.0,0.0,5,22,16,20,0
3997,35,Male,38,2645.96,138.0,3.0,0,52,47,15,1
3998,53,Male,0,5792.24,102.0,11.0,5,75,36,5,1
3999,41,Male,7,3943.33,402.0,27.0,1,3,34,8,1
4000,54,Male,40,2308.77,126.0,28.0,7,76,7,4,1
4001,35,Female,59,4605.76,221.0,7.0,6,25,32,16,1
4002,41,Female,20,5260.65,353.0,23.0,3,76,37,14,1
4003,55,Male,39,6537.45,543.0,28.0,9,26,32,1,1
4004,56,Female,7,661.46,115.0,20.0,9,13,38,3,0
4005,43,Female,38,5627.42,,18.0,1,26,39,11,1
4006,48,Female,48,4648.13,231.0,24.0,1,49,12,4,1
4007,34,Female,51,6210.94,263.0,29.0,8,60,11,17,1
4008,48,Male,14,6240.99,57.0,12.0,3,10,14,27,1
4009,60,Female,47,6696.67,269.0,20.0,9,20,1,10,1
4010,32,Male,23,6536.98,382.0,10.0,5,69,48,27,1
4011,21,Female,20,3128.8,481.0,28.0,6,49,15,23,0
4012,20,Female,23,5538.44,,12.0,5,37,24,15,1
4013,53,Male,48,6021.19,244.0,18.0,7,12,6,10,1
4014,61,Male,15,68.69,322.0,5.0,9,57,12,26,0
4015,64,Female,0,,60.0,24.0,8,51,30,22,0
4016,26,Male,56,2763.27,104.0,15.0,5,77,28,24,1
4017,47,Female,19,3278.93,132.0,27.0,6,78,39,19,0
4018,60,Female,30,,393.0,7.0,9,2,4,9,1
4019,62,Male,17,4658.16,584.0,13.0,0,85,40,14,1
4020,57,Male,36,5345.21,542.0,28.0,5,53,15,22,1
4021,52,Male,48,405.75,458.0,3.0,1,31,9,4,1
4022,59,Female,38,4496.58,403.0,0.0,8,41,13,26,1
4023,53,Female,37,3414.1,215.0,27.0,6,39,28,1,1
4024,43,Male,8,6115.25,421.0,7.0,5,28,2,13,1
4025,22,Male,46,,523.0,18.0,4,32,5,23,1
4026,45,Female,32,4017.54,54.0,3.0,9,13,23,16,1
4027,36,Male,6,2376.66,388.0,21.0,7,35,31,11,0
4028,46,Male,48,5172.45,248.0,26.0,3,28,16,22,1
4029,30,Female,26,6977.63,30.0,22.0,9,29,2,14,1
4030,39,Male,6,997.84,230.0,7.0,6,58,3,13,0
4031,46,Male,36,4776.04,326.0,19.0,2,48,16,12,1
4032,22,Male,55,1382.79,291.0,19.0,4,11,30,23,1
4033,23,Male,37,2244.56,571.0,19.0,9,87,4,29,1
4034,54,Female,13,3643.56,342.0,,0,0,42,26,1
4035,47,Female,56,1643.5,312.0,14.0,0,23,22,27,1
4036,63,Female,36,5706.9,491.0,12.0,5,34,40,23,1
4037,52,Female,27,3894.89,166.0,4.0,6,81,39,9,1
4038,51,Female,44,4987.52,460.0,14.0,9,54,8,21,1
4039,29,Male,30,3810.28,505.0,8.0,0,26,34,29,1
4040,51,Male,48,6263.19,320.0,15.0,8,14,13,24,1
4041,53,Female,47,3818.81,187.0,10.0,8,44,26,9,1
4042,61,Female,32,4938.52,524.0,6.0,3,56,27,21,1
4043,32,Male,53,4240.48,257.0,1.0,6,19,26,28,1
4044,28,Male,6,968.63,519.0,23.0,8,64,40,26,1
4045,51,Male,15,1650.79,480.0,12.0,1,64,23,15,1
4046,54,Female,6,2594.55,184.0,5.0,8,31,44,19,0
4047,52,Male,17,,395.0,27.0,8,51,48,10,0
4048,48,Male,44,,,20.0,8,38,36,18,1
4049,18,Male,11,5670.19,544.0,2.0,1,46,42,7,1
4050,39,Male,54,5851.98,336.0,12.0,8,15,49,11,1
4051,38,Female,51,3647.86,55.0,0.0,3,10,35,11,1
4052,44,Male,46,1875.7,365.0,15.0,3,89,48,17,1
4053,18,Male,22,554.7,475.0,2.0,5,4,11,1,0
4054,22,Female,41,2297.61,171.0,5.0,5,0,1,18,1
4055,51,Female,11,2844.65,198.0,6.0,8,56,4,2,0
4056,45,Female,44,6397.26,555.0,16.0,4,1,36,14,1
4057,64,Female,9,457.61,215.0,7.0,3,76,35,9,0
4058,22,Male,9,5822.96,,10.0,5,20,37,10,1
4059,50,Female,57,3752.07,581.0,29.0,1,42,23,16,1
4060,28,Male,58,4280.69,325.0,9.0,7,86,1,12,1
4061,61,Male,12,3295.89,82.0,13.0,0,58,8,23,1
4062,32,Male,31,4050.76,203.0,6.0,1,0,30,19,1
4063,24,Female,49,6105.64,548.0,0.0,2,65,5,25,1
4064,22,Female,38,2789.24,100.0,22.0,8,49,30,26,1
4065,25,Male,23,4971.44,552.0,0.0,3,45,1,23,1
4066,27,Female,55,2008.6,6.0,11.0,3,37,10,6,1
4067,42,Female,50,5853.84,14.0,22.0,7,60,10,22,1
4068,44,Male,15,2143.93,512.0,18.0,5,69,37,22,1
4069,54,Female,7,6964.03,192.0,4.0,6,6,8,17,1
4070,31,Female,7,5142.24,227.0,21.0,9,77,37,1,1
4071,48,Male,14,946.94,570.0,26.0,3,87,3,9,1
4072,41,Male,41,4663.55,145.0,24.0,1,33,0,5,1
4073,62,Female,51,2405.89,545.0,5.0,5,88,29,17,1
4074,36,Male,32,2659.76,184.0,19.0,4,87,42,9,1
4075,50,Male,29,6231.54,372.0,8.0,6,64,14,18,1
4076,32,Female,102,5664.52,234.0,6.0,7,87,23,5,1
4077,47,Female,34,4876.45,108.0,20.0,4,55,27,23,1
4078,45,Male,9,6116.99,309.0,9.0,3,33,0,9,1
4079,50,Female,51,1625.92,206.0,23.0,8,62,45,12,1
4080,61,Male,41,6703.59,69.0,,8,80,39,22,1
4081,55,Female,39,,406.0,11.0,2,50,22,20,1
4082,62,Male,46,5087.94,95.0,9.0,0,23,44,2,1
4083,46,Female,19,6433.51,470.0,,9,17,19,12,1
4084,38,Female,28,,233.0,9.0,4,17,19,22,1
4085,43,Female,44,4936.58,322.0,24.0,2,14,24,8,1
4086,37,Male,20,5496.18,152.0,28.0,0,85,40,11,1
4087,42,Male,50,5128.98,102.0,14.0,6,30,28,11,1
4088,21,Female,50,8307.1,454.0,7.0,8,11,10,2,1
4089,42,Male,15,2238.94,471.0,4.0,0,29,37,6,1
4090,64,Female,20,5811.37,522.0,20.0,2,78,24,23,1
4091,62,Male,57,3698.22,402.0,20.0,0,57,31,4,1
4092,24,Female,42,6513.58,,8.0,4,60,48,5,1
4093,18,Male,59,6746.34,65.0,15.0,8,51,28,18,1
4094,54,Female,22,813.32,371.0,27.0,6,35,19,6,0
4095,48,Male,45,6008.66,112.0,19.0,0,3,21,4,1
4096,27,Male,36,294.38,467.0,14.0,9,86,34,8,1
4097,64,Male,8,2049.01,,7.0,8,33,44,5,0
4098,42,Female,27,2367.61,561.0,23.0,7,43,16,26,1
4099,25,Male,45,5817.58,262.0,2.0,9,49,27,11,1
4100,41,Female,42,4225.05,216.0,8.0,2,5,22,8,1
4101,34,Male,4,4717.74,363.0,14.0,4,68,35,3,1
4102,30,Male,29,473.83,476.0,3.0,1,19,7,2,1
4103,23,Female,45,5865.21,185.0,22.0,8,65,35,27,1
4104,43,Female,3,1836.15,509.0,20.0,0,2,31,8,1
4105,49,Male,59,4545.26,402.0,6.0,7,50,3,8,1
4106,27,Male,7,5179.31,459.0,14.0,3,32,30,21,1
4107,32,Male,4,5098.78,381.0,21.0,7,9,47,21,1
4108,45,Male,32,5304.55,138.0,5.0,8,39,41,4,1
4109,27,Male,47,8747.88,203.0,21.0,4,85,35,5,1
4110,41,Female,52,1358.98,392.0,14.0,1,44,5,24,1
4111,40,Female,18,1018.23,128.0,17.0,1,1,21,25,1
4112,53,Male,30,4858.18,325.0,14.0,0,38,4,25,1
4113,38,Male,22,5794.01,407.0,26.0,3,19,36,9,1
4114,29,Male,38,6432.11,,13.0,4,4,1,19,1
4115,28,Male,25,4218.03,105.0,6.0,6,46,31,10,1
4116,33,Female,2,130.73,,12.0,3,6,34,11,1
4117,26,Female,18,2543.2,552.0,27.0,3,80,17,28,1
4118,61,Male,26,1412.09,252.0,4.0,3,19,0,15,1
4119,47,Male,31,758.23,88.0,29.0,0,49,31,9,1
4120,50,Male,1,529.53,536.0,3.0,4,52,20,11,1
4121,22,Male,56,6805.5,51.0,14.0,8,35,46,13,1
4122,21,Male,43,5962.17,,24.0,8,84,32,9,1
4123,43,Male,25,4596.16,530.0,24.0,5,30,23,3,1
4124,23,Male,14,6076.84,251.0,15.0,5,84,19,2,1
4125,51,Male,29,6658.72,17.0,,8,30,18,10,1
4126,39,Female,51,6274.5,273.0,24.0,4,85,23,5,1
4127,26,Male,7,5544.39,230.0,5.0,5,33,48,19,1
4128,52,Male,45,2548.82,269.0,4.0,3,42,45,14,1
4129,43,Female,37,4703.63,486.0,3.0,8,44,25,19,1
4130,43,Female,10,,159.0,23.0,1,67,6,26,1
4131,44,Male,159,360.55,519.0,17.0,6,7,31,18,1
4132,46,Female,11,366.86,295.0,17.0,6,46,14,25,0
4133,55,Male,43,3618.87,25.0,5.0,3,45,40,28,1
4134,53,Female,9,1685.76,255.0,21.0,3,67,29,5,0
4135,32,Male,46,3299.98,597.0,9.0,6,45,14,14,1
4136,27,Female,42,3619.01,544.0,15.0,0,15,44,6,1
4137,63,Male,48,4963.44,491.0,25.0,8,50,2,22,1
4138,29,Male,43,2865.43,56.0,13.0,1,3,42,25,1
4139,36,Male,132,1219.28,420.0,0.0,1,81,41,19,1
4140,21,Female,55,5886.78,67.0,25.0,4,6,17,18,1
4141,51,Male,5,1533.12,142.0,4.0,5,77,12,17,0
4142,31,Male,1,4676.91,520.0,17.0,1,86,4,20,1
4143,58,Male,19,3151.43,430.0,22.0,9,75,49,13,0
4144,24,Female,41,3044.72,450.0,27.0,3,1,40,9,1
4145,59,Female,42,775.6,73.0,19.0,1,65,16,13,1
4146,26,Male,49,5544.35,77.0,11.0,1,3,2,14,1
4147,41,Male,40,6153.9,109.0,14.0,4,51,47,2,1
4148,59,Female,48,2972.7,549.0,10.0,2,40,17,5,1
4149,45,Female,32,5481.94,300.0,10.0,3,19,16,25,1
4150,41,Female,47,6778.37,402.0,23.0,1,65,14,22,1
4151,46,Female,29,1060.46,45.0,20.0,6,86,48,22,1
4152,26,Female,54,6857.36,435.0,11.0,6,17,49,1,1
4153,47,Male,6,418.97,106.0,13.0,2,29,31,2,1
4154,64,Female,35,1803.54,415.0,26.0,1,12,47,21,1
4155,60,Male,29,366.55,301.0,27.0,3,56,41,24,1
4156,20,Female,2,4787.04,475.0,1.0,5,68,2,1,1
4157,43,Female,24,4483.4,136.0,28.0,9,76,11,22,1
4158,25,Female,50,250.65,477.0,27.0,3,68,0,1,1
4159,47,Male,8,2798.29,408.0,13.0,4,77,4,0,0
4160,54,Male,3,355.74,41.0,27.0,3,30,28,6,0
4161,54,Female,9,3866.03,,23.0,0,32,9,13,1
4162,22,Female,59,1903.69,590.0,21.0,1,2,23,21,1
4163,44,Male,16,1347.68,73.0,10.0,6,80,39,17,0
4164,36,Male,55,942.68,104.0,6.0,0,75,39,29,1
4165,24,Male,30,2285.53,302.0,16.0,6,46,2,14,1
4166,20,Female,10,1169.58,228.0,8.0,3,89,49,21,0
4167,60,Female,13,2310.69,145.0,15.0,1,33,23,23,1
4168,23,Male,21,576.19,291.0,13.0,9,36,39,18,0
4169,29,Male,7,5899.98,63.0,14.0,4,20,40,15,1
4170,21,Female,46,2999.46,225.0,8.0,4,45,1,10,1
4171,55,Female,49,6610.67,76.0,25.0,1,21,45,20,1
4172,30,Female,13,4199.26,78.0,26.0,5,21,45,20,1
4173,19,Male,5,568.12,556.0,13.0,9,70,40,13,1
4174,49,Male,35,2064.92,436.0,11.0,9,85,16,2,1
4175,55,Female,20,2214.07,460.0,28.0,8,4,6,14,0
4176,43,Female,11,,562.0,1.0,9,14,40,1,1
4177,37,Female,29,159.69,300.0,9.0,6,27,4,0,1
4178,43,Female,41,6953.68,127.0,26.0,6,23,15,8,1
4179,30,Male,32,4657.61,173.0,28.0,1,56,46,22,1
4180,29,Male,24,5501.23,192.0,1.0,2,60,33,3,1
4181,48,Male,24,5499.52,575.0,9.0,7,51,15,0,1
4182,27,Male,55,6265.93,52.0,15.0,9,83,29,4,1
4183,49,Male,55,1603.36,12.0,1.0,6,4,37,22,1
4184,39,Male,30,6074.51,514.0,20.0,9,49,23,3,1
4185,49,Female,24,1187.3,417.0,17.0,6,82,9,11,0
4186,36,Female,51,,574.0,1.0,5,12,36,18,1
4187,43,Male,14,2208.57,107.0,17.0,9,5,34,11,0
4188,53,Male,23,6037.72,443.0,15.0,4,40,47,21,1
4189,34,Female,47,2018.34,533.0,21.0,1,79,19,4,1
4190,35,Female,33,6866.67,208.0,14.0,2,10,48,8,1
4191,41,Male,9,4552.53,397.0,2.0,5,47,25,6,1
4192,57,Male,45,3293.56,90.0,20.0,9,51,1,0,1
4193,34,Female,5,2772.23,314.0,14.0,0,16,47,6,1
4194,57,Male,53,4001.69,103.0,23.0,3,71,31,27,1
4195,23,Male,51,3170.83,204.0,7.0,3,38,12,19,1
4196,26,Female,57,4154.89,428.0,21.0,5,19,34,2,1
4197,48,Male,32,3091.9,304.0,7.0,8,32,25,28,1
4198,57,Male,57,5692.42,157.0,15.0,3,57,11,16,1
4199,18,Male,23,3740.71,436.0,16.0,8,17,40,5,0
4200,29,Female,7,5243.81,392.0,8.0,7,23,44,22,1
4201,25,Male,59,,,19.0,9,5,42,22,1
4202,49,Male,7,5323.31,390.0,10.0,1,51,28,2,1
4203,22,Male,43,6481.44,218.0,6.0,3,89,7,8,1
4204,56,Male,42,6696.45,554.0,21.0,7,12,23,24,1
4205,48,Female,9,3079.39,245.0,8.0,9,24,26,0,0
4206,61,Male,35,490.06,307.0,5.0,7,33,14,22,1
4207,35,Male,30,4378.47,284.0,4.0,1,73,15,1,1
4208,26,Male,7,3713.07,266.0,16.0,9,22,37,25,0
4209,49,Male,17,1113.79,64.0,17.0,9,2,44,6,0
4210,54,Male,19,2480.98,108.0,21.0,8,39,35,12,0
4211,21,Male,10,847.6,378.0,16.0,0,36,2,2,1
4212,49,Female,25,6083.12,64.0,22.0,9,48,20,0,1
4213,56,Female,129,4761.52,100.0,16.0,5,67,44,15,1
4214,31,Male,16,6416.24,585.0,0.0,0,62,13,1,1
4215,47,Female,40,6104.52,55.0,18.0,1,2,0,15,1
4216,55,Male,30,,131.0,19.0,0,86,3,11,1
4217,35,Male,54,5463.93,17.0,5.0,3,21,20,6,1
4218,18,Female,27,2460.06,583.0,0.0,3,39,0,1,1
4219,23,Female,58,2418.85,233.0,26.0,6,79,30,13,1
4220,37,Female,49,4155.9,256.0,15.0,5,31,16,8,1
4221,35,Female,11,3837.04,308.0,16.0,3,21,46,3,0
4222,46,Male,47,2137.7,129.0,24.0,4,64,32,15,1
4223,29,Female,47,6226.35,146.0,13.0,8,2,33,25,1
4224,35,Male,27,3253.82,97.0,17.0,6,52,36,22,1
4225,59,Female,2,1835.31,41.0,26.0,6,41,43,4,0
4226,19,Female,33,5966.76,453.0,15.0,2,78,1,22,1
4227,32,Female,4,5275.36,225.0,11.0,0,35,11,6,1
4228,47,Male,13,3754.59,147.0,22.0,8,52,2,23,0
4229,51,Female,48,2922.66,535.0,28.0,3,57,22,5,1
4230,60,Female,24,5872.84,345.0,5.0,1,89,26,24,1
4231,41,Male,35,4353.07,417.0,10.0,8,20,29,25,1
4232,34,Female,36,745.36,230.0,5.0,1,35,29,19,1
4233,22,Male,42,3356.68,276.0,13.0,3,53,21,11,1
4234,22,Female,28,1904.84,273.0,3.0,9,75,41,20,1
4235,26,Male,9,5584.44,406.0,6.0,9,19,19,26,1
4236,20,Female,53,5693.69,354.0,18.0,7,32,5,13,1
4237,58,Female,56,6037.22,501.0,11.0,0,86,23,17,1
4238,21,Male,19,5258.87,313.0,19.0,8,69,32,6,1
4239,38,Male,41,2782.37,288.0,17.0,5,28,11,21,1
4240,38,Male,10,3080.38,507.0,20.0,7,15,0,16,1
4241,45,Female,54,1227.62,137.0,7.0,3,72,28,5,1
4242,44,Female,39,2374.74,63.0,17.0,9,14,28,15,1
4243,64,Female,9,356.78,101.0,14.0,4,8,41,28,0
4244,22,Female,50,3043.43,128.0,17.0,5,17,5,11,1
4245,48,Male,47,2969.08,594.0,10.0,9,69,14,10,1
4246,55,Female,39,4775.33,344.0,10.0,3,19,8,16,1
4247,42,Female,47,2513.76,357.0,6.0,2,16,1,3,1
4248,21,Female,48,12381.06,565.0,10.0,0,83,20,8,1
4249,33,Female,46,314.06,497.0,18.0,2,87,25,17,1
4250,58,Female,49,6069.52,370.0,28.0,6,65,18,20,1
4251,46,Female,40,680.05,591.0,3.0,5,47,45,2,1
4252,41,Female,17,1595.25,496.0,24.0,9,71,13,29,0
4253,55,Male,50,497.81,298.0,27.0,2,37,46,27,1
4254,57,Male,3,1297.55,597.0,29.0,2,49,16,22,1
4255,25,Female,30,1366.84,198.0,11.0,7,9,41,1,1
4256,20,Female,48,4588.52,47.0,20.0,9,32,14,24,1
4257,60,Female,2,4167.41,474.0,14.0,2,43,24,27,1
4258,48,Female,43,259.26,279.0,24.0,3,28,38,9,1
4259,22,Female,3,2671.91,32.0,7.0,0,87,25,18,1
4260,39,Male,9,6842.69,232.0,20.0,8,33,29,17,1
4261,25,Female,21,4742.57,556.0,,7,13,19,21,1
4262,24,Female,2,4294.09,268.0,10.0,3,26,25,8,1
4263,47,Female,0,3945.12,540.0,4.0,2,76,33,15,1
4264,31,Female,0,927.39,598.0,13.0,1,76,47,15,1
4265,40,Male,55,3314.56,314.0,2.0,4,72,0,12,1
4266,62,Male,1,3925.32,232.0,9.0,1,80,17,12,1
4267,24,Male,6,566.34,167.0,3.0,8,55,36,8,0
4268,33,Male,38,1999.24,135.0,12.0,8,77,5,6,1
4269,50,Female,49,6610.66,196.0,22.0,6,67,24,26,1
4270,36,Male,47,2259.24,395.0,7.0,5,46,47,16,1
4271,53,Male,58,2968.05,496.0,,9,41,31,12,1
4272,53,Male,51,920.65,186.0,25.0,9,62,19,10,1
4273,27,Male,36,2248.39,577.0,10.0,6,8,9,11,1
4274,38,Female,90,1517.5,436.0,10.0,8,15,0,26,1
4275,31,Female,58,5618.03,560.0,4.0,5,20,25,13,1
4276,20,Female,8,1655.69,420.0,14.0,9,26,4,16,0
4277,31,Female,21,573.1,329.0,23.0,2,47,17,11,1
4278,61,Male,56,3219.99,310.0,20.0,8,35,36,4,1
4279,18,Male,26,6090.39,516.0,18.0,2,38,10,20,1
4280,56,Male,4,2364.73,268.0,27.0,9,59,17,8,0
4281,19,Female,1,13313.8,215.0,28.0,7,50,4,14,1
4282,39,Male,9,4954.52,492.0,18.0,8,69,12,13,1
4283,18,Female,23,1001.5,12.0,8.0,6,49,18,2,0
4284,46,Male,30,5569.17,32.0,3.0,4,30,26,11,1
4285,44,Male,49,4777.57,204.0,27.0,2,72,26,12,1
4286,19,Female,29,3509.49,11.0,19.0,0,44,1,11,1
4287,59,Female,25,6314.48,459.0,18.0,9,20,19,18,1
4288,24,Female,54,3447.75,200.0,16.0,6,9,45,22,1
4289,51,Male,11,1133.12,359.0,24.0,6,74,8,11,0
4290,24,Female,43,6295.91,473.0,9.0,6,11,48,14,1
4291,49,Female,38,6283.76,33.0,3.0,2,35,6,5,1
4292,32,Male,3,6329.29,403.0,10.0,7,77,10,10,1
4293,29,Male,35,2256.33,368.0,15.0,8,33,46,2,1
4294,42,Male,7,1558.67,190.0,26.0,4,89,23,9,0
4295,45,Female,8,4702.87,413.0,24.0,5,8,46,19,1
4296,58,Male,26,735.84,242.0,26.0,2,4,38,7,1
4297,28,Male,49,13188.18,545.0,17.0,7,49,44,24,1
4298,27,Female,45,4149.83,339.0,22.0,0,0,2,9,1
4299,54,Female,20,5275.04,15.0,27.0,9,10,40,28,1
4300,35,Male,55,1516.57,31.0,16.0,3,53,48,24,1
4301,31,Female,10,1001.84,165.0,22.0,9,37,7,28,0
4302,29,Female,39,1031.62,107.0,24.0,0,47,18,26,1
4303,59,Male,57,2443.19,59.0,6.0,2,69,26,19,1
4304,45,Female,50,,568.0,6.0,6,2,41,6,1
4305,41,Female,40,2969.53,474.0,8.0,9,31,4,19,1
4306,33,Male,45,3190.82,470.0,17.0,5,18,11,28,1
4307,59,Male,37,241.05,551.0,10.0,6,72,7,9,1
4308,32,Female,15,1092.76,,27.0,6,16,44,19,0
4309,38,Male,50,713.22,521.0,1.0,7,18,33,9,1
4310,38,Male,35,430.55,267.0,22.0,1,46,15,12,1
4311,40,Female,53,6006.52,280.0,24.0,3,85,24,22,1
4312,33,Female,43,,,11.0,2,1,7,9,1
4313,43,Female,25,6659.74,5.0,8.0,9,57,47,22,1
4314,22,Male,14,6474.47,36.0,20.0,9,55,9,10,1
4315,38,Male,41,3716.09,504.0,21.0,0,13,17,24,1
4316,56,Female,27,3870.13,102.0,4.0,9,88,14,2,1
4317,20,Female,9,6182.94,261.0,11.0,3,77,26,4,1
4318,49,Male,27,2107.61,104.0,18.0,7,0,25,29,1
4319,27,Female,59,4232.65,430.0,8.0,3,43,24,25,1
4320,53,Female,29,,127.0,26.0,8,89,29,29,1
4321,22,Female,17,4518.53,97.0,28.0,2,18,27,5,1
4322,50,Female,8,6570.64,148.0,28.0,0,43,32,3,1
4323,47,Male,59,5158.65,246.0,8.0,0,44,18,17,1
4324,29,Female,24,5924.65,271.0,23.0,0,60,2,19,1
4325,49,Female,53,4509.85,161.0,10.0,0,76,3,15,1
4326,64,Male,0,1051.23,527.0,7.0,8,66,46,9,1
4327,26,Female,26,3458.47,532.0,23.0,3,70,6,29,1
4328,21,Female,40,1095.89,25.0,0.0,8,51,20,16,1
4329,43,Male,35,6010.99,331.0,1.0,5,44,35,7,1
4330,19,Female,36,5599.72,519.0,8.0,5,37,27,24,1
4331,62,Male,18,1142.13,549.0,6.0,4,28,26,14,1
4332,20,Male,23,4647.85,252.0,14.0,5,36,11,13,1
4333,48,Female,7,3040.02,459.0,23.0,0,63,45,15,1
4334,61,Female,36,3129.73,93.0,14.0,1,60,38,5,1
4335,62,Male,48,5750.43,118.0,,9,19,17,3,1
4336,41,Female,48,1808.86,224.0,1.0,1,74,2,3,1
4337,63,Male,40,6282.04,51.0,25.0,7,45,43,1,1
4338,61,Female,0,3131.9,305.0,6.0,6,56,17,27,0
4339,39,Male,35,3923.13,186.0,11.0,1,38,8,18,1
4340,23,Female,7,2141.92,432.0,26.0,2,60,1,2,1
4341,30,Male,50,4647.9,189.0,2.0,4,71,27,21,1
4342,58,Female,40,6249.1,594.0,0.0,3,42,36,2,1
4343,21,Female,2,77.66,250.0,,6,19,12,28,0
4344,37,Male,21,6027.38,426.0,1.0,2,79,31,29,1
4345,63,Male,35,7826.38,545.0,8.0,3,37,23,11,1
4346,42,Male,54,1132.39,146.0,9.0,6,37,38,21,1
4347,28,Female,56,2025.73,448.0,10.0,3,12,5,21,1
4348,63,Male,35,674.76,459.0,1.0,3,69,34,12,1
4349,25,Male,49,6613.4,563.0,2.0,8,26,39,14,1
4350,55,Male,34,11113.28,510.0,0.0,5,11,26,29,1
4351,61,Male,51,6639.79,14.0,17.0,7,14,4,15,1
4352,18,Male,56,3602.27,150.0,21.0,8,51,5,21,1
4353,56,Male,1,475.79,320.0,2.0,5,70,39,3,0
4354,61,Female,17,1094.3,236.0,24.0,6,59,44,19,0
4355,60,Male,53,3369.09,573.0,22.0,9,26,31,19,1
4356,34,Male,102,6310.85,547.0,6.0,1,61,31,10,1
4357,28,Male,39,949.84,29.0,1.0,5,19,4,26,1
4358,30,Male,8,2803.07,513.0,8.0,2,24,45,16,1
4359,60,Female,45,1773.34,174.0,,0,39,3,0,1
4360,42,Male,45,2970.72,574.0,5.0,0,33,27,23,1
4361,62,Male,44,358.73,573.0,5.0,9,11,47,3,1
4362,63,Male,25,746.53,437.0,20.0,1,49,1,15,1
4363,60,Female,8,4511.32,134.0,11.0,8,9,25,24,1
4364,30,Male,35,3889.9,550.0,1.0,4,26,8,11,1
4365,20,Female,17,3808.42,594.0,10.0,6,25,4,22,1
4366,52,Female,23,4777.56,439.0,13.0,4,30,28,3,1
4367,60,Female,58,6226.93,560.0,19.0,4,18,38,24,1
4368,34,Female,1,4549.96,433.0,27.0,0,38,32,24,1
4369,40,Female,5,1284.72,417.0,10.0,1,63,5,28,1
4370,40,Male,17,6203.59,172.0,3.0,4,56,21,13,1
4371,49,Male,12,1611.59,467.0,17.0,9,82,19,24,0
4372,61,Female,33,2785.7,481.0,10.0,9,66,3,21,1
4373,47,Female,56,703.15,519.0,22.0,7,41,39,5,1
4374,37,Female,19,1747.65,263.0,27.0,8,75,37,4,0
4375,63,Female,3,1607.52,416.0,8.0,0,57,12,8,1
4376,47,Male,52,4283.32,98.0,21.0,0,74,17,9,1
4377,21,Female,42,1257.25,68.0,7.0,3,27,41,3,1
4378,50,Male,3,2140.23,583.0,1.0,8,9,29,21,1
4379,44,Female,14,4107.47,365.0,29.0,5,88,12,21,1
4380,64,Female,10,3795.68,262.0,3.0,0,45,15,7,1
4381,29,Female,18,2601.48,351.0,26.0,3,43,25,3,0
4382,62,Male,1,5546.77,410.0,16.0,6,21,15,26,1
4383,55,Male,44,4311.8,234.0,4.0,7,62,48,20,1
4384,38,Female,34,4665.83,456.0,28.0,0,25,13,1,1
4385,42,Female,0,2667.38,334.0,26.0,1,71,4,15,1
4386,33,Male,41,3487.94,339.0,1.0,4,57,21,2,1
4387,19,Male,37,3784.79,364.0,7.0,0,83,31,22,1
4388,58,Male,13,6289.81,261.0,18.0,3,31,47,28,1
4389,31,Male,26,6575.35,254.0,6.0,3,45,35,2,1
4390,59,Male,38,3341.19,318.0,2.0,7,46,29,27,1
4391,35,Male,20,3203.43,225.0,14.0,5,47,24,4,0
4392,61,Female,53,4937.44,472.0,24.0,0,11,5,7,1
4393,49,Male,20,4770.77,597.0,24.0,2,46,31,29,1
4394,24,Female,56,2348.34,279.0,17.0,3,20,23,7,1
4395,40,Female,43,3037.03,514.0,1.0,8,49,0,25,1
4396,18,Male,56,2478.65,129.0,8.0,1,40,46,12,1
4397,57,Male,17,111.7,471.0,14.0,7,5,19,16,0
4398,30,Male,42,3206.21,494.0,10.0,4,6,37,0,1
4399,52,Male,21,2991.28,217.0,28.0,1,65,8,29,1
4400,48,Male,45,852.89,242.0,29.0,0,31,12,14,1
4401,49,Female,13,1632.81,445.0,3.0,8,59,4,24,0
4402,60,Male,40,2762.7,358.0,13.0,8,66,46,19,1
4403,50,Male,162,1833.89,474.0,2.0,4,79,7,9,1
4404,53,Male,17,1132.85,511.0,29.0,7,33,3,26,1
4405,56,Female,34,2672.28,380.0,23.0,0,80,32,4,1
4406,56,Female,38,3525.14,564.0,23.0,8,42,28,29,1
4407,64,Male,57,2706.52,290.0,10.0,3,72,27,5,1
4408,25,Male,36,5275.98,561.0,29.0,1,67,49,19,1
4409,61,Female,7,6611.96,223.0,19.0,8,86,46,20,1
4410,54,Male,22,3995.53,211.0,18.0,7,23,6,12,0
4411,56,Female,26,1930.57,481.0,11.0,2,13,49,20,1
4412,52,Male,48,3073.28,514.0,20.0,3,7,28,3,1
4413,62,Male,9,,396.0,17.0,2,20,18,3,1
4414,58,Male,42,112.68,187.0,10.0,8,49,22,16,1
4415,47,Female,32,5227.29,384.0,17.0,0,87,39,23,1
4416,32,Female,5,5329.71,323.0,12.0,3,59,14,20,1
4417,43,Female,15,4530.76,13.0,15.0,3,31,7,5,1
4418,21,Female,40,1999.46,332.0,18.0,0,64,19,23,1
4419,49,Male,17,5665.44,525.0,20.0,6,40,22,27,1
4420,49,Female,42,2762.04,13.0,3.0,1,52,8,7,1
4421,35,Male,15,6605.28,130.0,13.0,7,32,1,9,1
4422,41,Female,11,232.91,122.0,9.0,7,53,25,4,0
4423,55,Male,6,2843.51,381.0,11.0,6,3,38,18,0
4424,29,Female,135,6428.19,337.0,18.0,9,0,26,7,1
4425,64,Male,51,2469.27,302.0,20.0,4,7,12,7,1
4426,53,Female,20,3461.62,449.0,13.0,6,8,38,26,0
4427,54,Male,29,2202.54,90.0,13.0,0,52,16,22,1
4428,23,Male,22,4035.77,436.0,0.0,5,89,19,16,1
4429,20,Female,33,597.67,70.0,13.0,1,24,44,23,1
4430,47,Male,11,5199.45,449.0,22.0,7,72,34,7,1
4431,44,Male,9,2811.62,300.0,10.0,0,8,32,22,1
4432,58,Male,35,80.17,425.0,8.0,5,44,2,23,1
4433,31,Male,42,1327.47,573.0,14.0,6,20,10,13,1
4434,57,Female,50,4855.17,333.0,22.0,2,72,23,6,1
4435,34,Female,11,4980.64,593.0,15.0,0,83,41,21,1
4436,51,Female,17,6438.13,88.0,23.0,7,4,33,14,1
4437,32,Female,5,5286.61,110.0,16.0,3,53,12,21,1
4438,23,Male,39,5395.67,94.0,19.0,7,32,30,18,1
4439,38,Male,8,4063.09,310.0,10.0,5,47,46,27,1
4440,21,Female,58,5858.54,559.0,11.0,9,71,1,5,1
4441,64,Male,31,6937.26,454.0,29.0,4,68,33,24,1
4442,32,Male,1,2294.8,176.0,4.0,9,49,29,19,0
4443,54,Male,35,5790.35,480.0,16.0,6,23,0,18,1
4444,63,Male,8,4037.57,462.0,25.0,5,85,2,9,1
4445,20,Female,1,3838.93,576.0,13.0,4,16,5,6,1
4446,31,Male,25,4687.66,559.0,4.0,6,33,48,24,1
4447,64,Female,37,1781.76,431.0,2.0,9,1,2,13,1
4448,56,Female,10,,290.0,19.0,7,62,29,24,0
4449,35,Male,36,1526.53,,18.0,3,50,14,16,1
4450,52,Male,20,973.48,275.0,19.0,2,46,10,9,1
4451,19,Male,2,1345.46,129.0,8.0,1,50,40,21,1
4452,21,Male,26,1506.43,,4.0,7,81,31,17,1
4453,28,Male,18,6072.15,138.0,,2,53,19,22,1
4454,64,Male,14,6493.32,498.0,12.0,5,82,33,1,1
4455,20,Female,39,5607.56,265.0,17.0,6,72,13,29,1
4456,23,Female,9,1252.97,512.0,20.0,3,40,26,11,1
4457,20,Male,5,3055.78,326.0,22.0,6,12,30,27,0
4458,62,Female,17,3655.39,180.0,3.0,0,27,26,28,1
4459,24,Female,5,835.92,371.0,5.0,7,22,23,24,0
4460,33,Male,15,1842.34,284.0,28.0,5,80,14,20,0
4461,21,Female,15,6425.81,364.0,2.0,9,22,30,16,1
4462,31,Male,18,4364.88,500.0,11.0,1,40,1,10,1
4463,27,Female,30,,,29.0,3,58,28,26,0
4464,36,Female,59,584.77,541.0,27.0,7,37,9,17,1
4465,34,Female,25,5233.05,56.0,13.0,7,41,43,0,1
4466,43,Male,0,1698.82,341.0,14.0,3,13,34,20,0
4467,41,Female,59,6772.75,,5.0,9,61,29,21,1
4468,57,Male,19,6962.64,362.0,21.0,9,82,37,19,1
4469,31,Female,6,594.62,518.0,,5,68,10,9,1
4470,23,Male,25,6956.61,27.0,13.0,1,85,7,8,1
4471,60,Male,17,4719.16,507.0,9.0,0,28,23,14,1
4472,57,Male,17,2010.65,23.0,15.0,7,35,27,4,0
4473,32,Male,42,164.17,235.0,28.0,4,27,34,1,1
4474,23,Male,33,3327.17,582.0,,9,25,34,9,1
4475,45,Male,40,6366.16,498.0,14.0,1,20,28,26,1
4476,35,Male,11,6645.77,298.0,5.0,3,12,22,2,1
4477,28,Female,28,2462.74,503.0,23.0,1,52,29,28,1
4478,64,Male,58,329.71,210.0,9.0,1,9,29,29,1
4479,42,Male,56,6409.3,450.0,18.0,5,59,31,12,1
4480,46,Male,10,3376.94,225.0,13.0,3,62,42,3,0
4481,64,Male,38,5447.17,384.0,8.0,5,26,40,5,1
4482,49,Male,42,4169.79,284.0,20.0,3,74,13,7,1
4483,37,Male,10,4669.9,127.0,7.0,0,89,12,24,1
4484,44,Female,16,6654.15,44.0,27.0,1,8,13,18,1
4485,49,Female,42,6199.46,288.0,19.0,5,41,23,13,1
4486,62,Male,1,4565.46,133.0,18.0,3,19,18,9,1
4487,26,Male,58,1141.79,494.0,1.0,0,41,8,2,1
4488,26,Female,6,584.16,88.0,6.0,3,27,47,28,0
4489,30,Female,57,1309.94,112.0,27.0,0,16,35,3,1
4490,53,Male,37,3760.06,124.0,24.0,6,82,45,1,1
4491,28,Female,13,817.41,235.0,8.0,1,21,2,12,1
4492,39,Female,28,689.98,542.0,29.0,2,9,26,27,1
4493,20,Male,43,2803.18,442.0,12.0,6,20,25,23,1
4494,18,Male,35,,431.0,6.0,8,77,41,15,1
4495,59,Male,34,5793.37,511.0,19.0,1,43,4,7,1
4496,61,Male,30,6466.55,327.0,10.0,0,18,4,6,1
4497,52,Male,24,1107.57,266.0,16.0,1,44,15,0,1
4498,27,Female,23,4076.75,104.0,21.0,4,35,24,12,1
4499,26,Male,46,6286.18,151.0,16.0,6,12,15,13,1
4500,52,Female,49,376.37,140.0,10.0,3,58,10,18,1
4501,26,Male,54,1285.23,59.0,2.0,3,42,14,28,1
4502,23,Male,24,1642.87,342.0,5.0,5,63,9,29,0
4503,19,Male,38,717.19,134.0,28.0,9,34,48,28,1
4504,41,Female,19,834.82,575.0,14.0,0,52,14,27,1
4505,63,Female,54,1111.54,176.0,23.0,8,62,28,13,1
4506,27,Female,7,5100.08,313.0,21.0,7,81,3,10,1
4507,51,Female,57,2575.87,325.0,2.0,6,26,25,21,1
4508,37,Male,27,5399.2,297.0,0.0,5,45,21,18,1
4509,22,Female,2,6496.97,370.0,15.0,4,2,4,1,1
4510,28,Female,49,2129.87,24.0,15.0,3,13,30,7,1
4511,48,Female,19,4250.34,457.0,3.0,0,55,23,26,1
4512,56,Male,47,1015.27,240.0,,8,32,34,29,1
4513,35,Male,29,3479.48,370.0,27.0,8,32,34,6,1
4514,39,Male,52,3117.7,296.0,24.0,4,10,39,24,1
4515,52,Female,42,661.53,545.0,28.0,5,1,7,10,1
4516,53,Male,48,136.44,180.0,25.0,4,10,24,5,1
4517,55,Female,48,3642.09,518.0,28.0,5,27,9,16,1
4518,28,Male,21,5241.25,472.0,19.0,9,36,1,18,1
4519,33,Female,45,6341.79,100.0,21.0,0,24,37,22,1
4520,24,Female,23,2413.82,311.0,26.0,5,21,42,8,0
4521,25,Female,20,6622.89,580.0,2.0,6,66,30,28,1
4522,52,Male,26,5364.12,499.0,15.0,9,6,25,3,1
4523,36,Male,19,,145.0,4.0,7,30,10,8,0
4524,41,Female,18,5397.32,,1.0,3,84,30,13,1
4525,20,Female,7,6892.72,571.0,4.0,9,86,47,28,1
4526,34,Female,27,4358.43,452.0,2.0,1,34,1,13,1
4527,20,Female,55,4725.88,292.0,0.0,4,14,2,4,1
4528,41,Female,1,5476.35,485.0,25.0,7,70,46,9,1
4529,44,Female,34,2141.4,554.0,21.0,5,88,17,15,1
4530,48,Female,39,2067.39,377.0,12.0,3,64,41,14,1
4531,23,Male,17,3542.35,96.0,8.0,7,78,2,2,0
4532,55,Male,22,6409.11,586.0,13.0,1,84,28,11,1
4533,30,Male,45,5265.77,220.0,21.0,3,36,14,22,1
4534,33,Male,8,4178.28,589.0,4.0,4,71,46,10,1
4535,49,Male,20,1252.46,77.0,29.0,8,57,30,8,0
4536,19,Female,43,3750.29,287.0,12.0,1,68,34,7,1
4537,23,Female,43,3827.92,32.0,25.0,6,57,32,15,1
4538,31,Female,57,290.57,306.0,18.0,7,26,48,16,1
4539,57,Female,54,93.15,76.0,0.0,3,38,2,11,1
4540,44,Female,29,81.54,68.0,3.0,5,46,33,22,1
4541,27,Female,57,,116.0,2.0,3,55,10,8,1
4542,62,Male,0,5032.67,105.0,20.0,2,69,25,27,1
4543,61,Male,0,9928.24,434.0,6.0,4,7,29,8,1
4544,55,Female,7,5605.72,77.0,3.0,1,36,37,12,1
4545,63,Male,32,1889.21,440.0,28.0,8,26,3,20,1
4546,44,Female,1,1242.69,109.0,1.0,2,25,14,13,1
4547,45,Female,23,226.58,75.0,1.0,2,74,13,0,1
4548,24,Male,44,964.79,421.0,20.0,0,61,18,2,1
4549,28,Female,54,309.19,200.0,22.0,9,76,8,9,1
4550,29,Female,37,1619.75,484.0,28.0,3,14,15,1,1
4551,36,Female,31,4615.23,251.0,20.0,5,12,22,28,1
4552,37,Male,53,6725.59,263.0,16.0,9,23,39,23,1
4553,19,Female,27,3610.4,394.0,26.0,0,81,12,4,1
4554,53,Female,47,5404.76,468.0,3.0,7,89,32,3,1
4555,50,Male,43,5123.99,102.0,26.0,9,71,2,13,1
4556,18,Female,54,1354.56,464.0,10.0,7,79,14,9,1
4557,26,Female,12,5811.76,242.0,16.0,0,67,11,24,1
4558,64,Male,37,1499.17,205.0,6.0,1,34,33,29,1
4559,36,Female,8,5801.36,450.0,5.0,4,28,34,23,1
4560,56,Female,51,98.51,205.0,16.0,6,11,10,20,1
4561,57,Female,47,391.49,588.0,13.0,9,52,28,22,1
4562,29,Female,39,4161.47,195.0,6.0,1,22,38,5,1
4563,38,Female,19,5895.21,83.0,13.0,8,85,43,2,1
4564,41,Female,34,446.1,275.0,14.0,9,8,24,28,1
4565,53,Female,48,2954.73,161.0,12.0,8,81,36,22,1
4566,41,Male,43,481.18,380.0,8.0,5,39,23,20,1
4567,57,Male,46,2242.24,160.0,11.0,0,8,28,23,1
4568,58,Female,0,1651.37,34.0,28.0,7,71,28,27,0
4569,54,Male,54,,404.0,23.0,9,0,17,12,1
4570,61,Male,36,4553.11,80.0,2.0,5,24,8,7,1
4571,47,Female,3,2842.36,103.0,12.0,5,75,32,28,0
4572,33,Male,21,3791.24,370.0,25.0,1,60,23,11,1
4573,56,Female,55,4423.65,9.0,2.0,0,74,32,14,1
4574,62,Female,56,821.15,49.0,26.0,8,40,13,17,1
4575,54,Male,35,4118.18,272.0,8.0,0,43,9,19,1
4576,61,Female,54,6429.96,200.0,19.0,5,8,13,14,1
4577,48,Male,56,6251.57,582.0,28.0,2,64,43,10,1
4578,27,Female,47,12838.46,177.0,,2,0,25,12,1
4579,53,Male,56,6848.38,366.0,19.0,7,68,48,21,1
4580,60,Male,43,4224.82,434.0,3.0,3,39,16,10,1
4581,46,Female,10,1207.52,452.0,8.0,8,7,8,27,0
4582,31,Male,50,5451.86,443.0,19.0,1,61,32,26,1
4583,36,Male,48,5872.15,120.0,21.0,7,33,33,12,1
4584,38,Female,19,4495.87,117.0,11.0,2,6,8,4,1
4585,49,Female,51,241.03,75.0,28.0,0,69,30,22,1
4586,21,Male,37,6901.04,437.0,11.0,4,62,11,28,1
4587,20,Female,8,6393.37,515.0,14.0,3,86,41,19,1
4588,61,Male,16,240.62,18.0,4.0,5,39,40,0,0
4589,49,Male,14,6470.35,353.0,24.0,5,70,31,20,1
4590,61,Male,13,4014.23,7.0,23.0,9,18,2,14,1
4591,45,Male,4,208.72,582.0,22.0,1,88,25,10,1
4592,59,Female,8,5919.65,335.0,0.0,3,87,19,11,1
4593,24,Female,12,1695.62,471.0,10.0,8,62,12,20,0
4594,30,Female,13,10523.24,225.0,10.0,9,44,41,6,1
4595,33,Male,21,1094.95,78.0,3.0,5,35,20,22,0
4596,53,Female,19,3415.46,561.0,27.0,8,37,26,4,1
4597,39,Female,23,2228.92,293.0,21.0,1,21,34,22,1
4598,44,Female,20,1735.85,402.0,29.0,0,55,44,22,1
4599,50,Male,42,1456.03,516.0,23.0,5,64,43,9,1
4600,37,Male,24,1392.18,53.0,18.0,7,30,4,25,0
4601,43,Female,19,4691.1,568.0,10.0,9,48,22,4,1
4602,38,Female,7,4438.34,68.0,12.0,0,9,30,10,1
4603,46,Male,35,6344.08,215.0,0.0,4,3,32,0,1
4604,57,Male,26,2523.17,61.0,18.0,7,78,28,12,1
4605,35,Female,38,1934.7,250.0,25.0,1,12,25,2,1
4606,20,Male,37,6750.38,347.0,28.0,2,58,20,1,1
4607,24,Male,56,4010.23,317.0,17.0,4,53,48,1,1
4608,24,Female,32,5286.92,129.0,,7,7,46,2,1
4609,28,Male,35,6560.34,573.0,3.0,7,55,16,13,1
4610,30,Male,59,2850.32,288.0,5.0,5,33,49,15,1
4611,57,Male,37,5887.11,236.0,29.0,2,62,14,19,1
4612,38,Male,2,4716.75,165.0,13.0,9,80,34,10,1
4613,56,Male,3,4141.7,86.0,25.0,5,42,10,0,0
4614,40,Male,8,1064.24,594.0,29.0,7,19,3,28,1
4615,22,Male,43,4031.79,252.0,2.0,3,26,35,2,1
4616,56,Male,44,3029.42,533.0,24.0,0,16,46,2,1
4617,63,Male,36,6069.8,141.0,23.0,9,0,33,21,1
4618,28,Male,39,6035.05,452.0,4.0,6,66,31,20,1
4619,63,Male,34,1886.98,143.0,20.0,6,72,17,6,1
4620,44,Male,51,3191.45,300.0,2.0,3,48,36,12,1
4621,31,Male,54,5223.87,24.0,28.0,0,59,36,10,1
4622,55,Male,47,2890.64,208.0,3.0,0,51,30,11,1
4623,47,Female,13,1670.96,115.0,27.0,4,77,8,12,0
4624,42,Male,33,2154.36,568.0,6.0,5,55,12,16,1
4625,23,Female,25,3204.53,95.0,2.0,9,47,19,6,0
4626,28,Male,9,4466.85,354.0,3.0,9,77,27,2,1
4627,28,Male,52,5102.81,457.0,26.0,4,24,1,13,1
4628,26,Male,53,2219.07,423.0,25.0,3,22,44,24,1
4629,45,Male,9,403.94,52.0,17.0,8,85,6,29,0
4630,21,Female,35,3752.21,325.0,3.0,9,82,31,27,1
4631,18,Female,56,2046.35,431.0,26.0,6,5,41,3,1
4632,21,Male,7,657.5,498.0,8.0,5,80,37,14,0
4633,58,Female,26,4867.26,33.0,28.0,4,33,43,12,1
4634,30,Male,8,1859.82,577.0,9.0,0,75,45,10,1
4635,59,Female,42,4340.07,36.0,7.0,2,23,27,21,1
4636,48,Female,48,4853.65,12.0,4.0,3,82,16,19,1
4637,19,Female,48,4461.51,566.0,21.0,9,12,48,1,1
4638,37,Male,41,998.22,310.0,18.0,3,36,9,22,1
4639,63,Female,28,5815.1,288.0,4.0,9,32,11,25,1
4640,53,Female,47,2594.57,81.0,25.0,6,86,27,2,1
4641,57,Male,50,6177.66,476.0,11.0,5,44,10,12,1
4642,35,Female,27,5023.31,441.0,8.0,6,14,37,17,1
4643,19,Female,50,3394.23,553.0,1.0,6,9,0,29,1
4644,42,Male,1,6554.13,546.0,15.0,0,87,31,21,1
4645,55,Female,75,4653.08,131.0,0.0,8,68,5,3,1
4646,23,Male,18,6424.67,122.0,12.0,0,62,8,20,1
4647,60,Male,23,3337.59,525.0,21.0,1,79,4,19,1
4648,42,Female,25,5064.87,131.0,21.0,4,37,46,0,1
4649,61,Male,34,2029.98,176.0,6.0,8,36,21,25,1
4650,64,Female,44,1127.15,152.0,24.0,8,83,29,17,1
4651,24,Female,18,3256.51,316.0,4.0,7,73,44,10,0
4652,38,Male,42,4056.24,261.0,26.0,5,72,20,18,1
4653,45,Female,29,4814.04,516.0,11.0,0,16,18,1,1
4654,48,Male,46,3166.72,286.0,20.0,8,37,10,1,1
4655,39,Male,40,3647.4,539.0,3.0,3,1,19,20,1
4656,28,Male,45,4995.82,450.0,14.0,8,67,18,26,1
4657,62,Male,40,6080.72,481.0,20.0,7,2,25,29,1
4658,51,Male,46,5580.94,418.0,24.0,8,53,8,24,1
4659,35,Female,29,6454.8,332.0,26.0,1,26,39,9,1
4660,52,Male,18,6300.67,466.0,12.0,8,5,26,0,1
4661,42,Male,41,5466.44,193.0,23.0,6,16,33,22,1
4662,49,Female,15,1823.88,415.0,18.0,3,41,31,16,0
4663,61,Female,40,1765.74,229.0,19.0,3,73,3,2,1
4664,43,Female,58,5108.7,479.0,22.0,7,59,32,5,1
4665,36,Male,26,5143.73,293.0,2.0,9,22,46,12,1
4666,38,Female,15,4949.56,53.0,25.0,2,2,20,22,1
4667,40,Female,29,4940.29,461.0,14.0,4,45,14,21,1
4668,54,Male,46,,218.0,11.0,5,33,45,24,1
4669,50,Female,40,3398.04,456.0,22.0,0,58,38,12,1
4670,57,Male,5,5426.29,338.0,0.0,8,53,42,27,1
4671,39,Female,18,3196.76,186.0,4.0,3,53,15,0,0
4672,61,Male,18,1266.71,481.0,12.0,6,76,31,16,0
4673,51,Male,40,4206.69,384.0,17.0,7,61,30,17,1
4674,57,Male,20,3608.38,137.0,4.0,3,86,38,19,0
4675,26,Female,35,2690.67,115.0,5.0,3,86,32,11,1
4676,63,Male,49,2310.52,418.0,17.0,9,66,44,18,1
4677,63,Male,2,179.19,474.0,13.0,3,24,5,23,0
4678,51,Male,141,1225.5,488.0,5.0,1,15,25,3,1
4679,24,Female,46,6666.2,31.0,,9,52,16,4,1
4680,41,Female,4,6305.63,418.0,9.0,5,85,1,14,1
4681,18,Male,45,1640.46,89.0,23.0,9,5,49,7,1
4682,26,Male,9,2297.25,492.0,3.0,1,66,6,29,1
4683,25,Male,16,4973.1,442.0,16.0,2,4,13,22,1
4684,22,Female,54,6905.24,298.0,,1,52,11,22,1
4685,26,Male,17,5224.93,570.0,6.0,1,29,31,9,1
4686,41,Female,40,4497.06,221.0,4.0,9,5,24,21,1
4687,40,Female,4,5784.59,369.0,8.0,8,51,4,26,1
4688,58,Female,32,2182.48,244.0,26.0,7,66,38,19,1
4689,19,Male,27,5562.72,273.0,11.0,4,5,36,10,1
4690,23,Female,39,1520.5,62.0,11.0,3,46,48,8,1
4691,28,Male,28,5026.69,444.0,6.0,0,75,6,1,1
4692,36,Female,42,5412.44,,0.0,3,66,22,6,1
4693,49,Male,34,5318.89,212.0,20.0,0,18,18,19,1
4694,55,Female,55,2381.03,212.0,11.0,4,40,21,16,1
4695,20,Female,19,4989.67,293.0,13.0,6,37,47,17,1
4696,47,Female,10,6432.45,473.0,2.0,0,53,39,15,1
4697,30,Female,59,4068.04,117.0,4.0,2,16,44,24,1
4698,54,Female,52,6498.84,454.0,17.0,8,77,30,10,1
4699,39,Male,18,1779.44,86.0,19.0,5,80,3,14,0
4700,28,Female,5,3365.18,20.0,18.0,0,36,5,26,1
4701,47,Female,6,2170.65,527.0,,1,34,41,27,1
4702,24,Male,26,6769.37,319.0,26.0,8,27,29,24,1
4703,39,Male,37,4408.69,381.0,8.0,5,13,2,17,1
4704,60,Female,57,5608.93,247.0,14.0,9,84,38,19,1
4705,60,Male,51,5022.89,58.0,13.0,6,55,1,29,1
4706,39,Female,15,2566.25,470.0,0.0,0,17,27,21,1
4707,63,Male,31,5232.99,508.0,1.0,3,22,16,13,1
4708,63,Male,48,1299.22,11.0,27.0,2,56,17,11,1
4709,38,Male,28,6623.41,64.0,16.0,0,69,6,2,1
4710,51,Female,24,6453.18,163.0,14.0,0,0,40,14,1
4711,27,Female,50,5350.95,45.0,7.0,3,76,6,3,1
4712,37,Male,12,4226.09,118.0,7.0,1,3,9,3,1
4713,39,Female,38,4474.0,488.0,9.0,0,6,14,4,1
4714,20,Female,57,4870.02,487.0,26.0,6,64,8,24,1
4715,41,Male,45,3181.66,404.0,1.0,6,60,4,2,1
4716,54,Female,29,364.97,561.0,10.0,8,27,7,13,1
4717,41,Female,1,4141.51,376.0,26.0,9,25,38,4,1
4718,63,Female,10,1157.03,466.0,26.0,2,33,3,8,1
4719,36,Male,15,6423.23,434.0,15.0,7,78,29,20,1
4720,21,Male,23,3822.29,352.0,1.0,2,89,20,19,1
4721,30,Male,27,6370.91,87.0,25.0,2,63,18,18,1
4722,23,Male,39,4974.41,585.0,17.0,1,75,27,27,1
4723,31,Male,33,2020.7,443.0,21.0,6,82,12,18,1
4724,55,Female,34,2864.53,213.0,23.0,5,43,46,3,1
4725,42,Male,38,3071.6,515.0,2.0,7,38,19,15,1
4726,51,Female,38,321.57,313.0,24.0,0,18,1,5,1
4727,20,Female,38,2312.28,433.0,20.0,7,65,34,17,1
4728,32,Female,9,4114.44,68.0,19.0,1,61,4,29,1
4729,63,Male,27,6795.11,463.0,26.0,1,44,40,10,1
4730,43,Male,35,1474.98,120.0,10.0,7,1,46,4,1
4731,30,Male,56,1828.03,583.0,9.0,2,22,17,3,1
4732,59,Male,33,,126.0,19.0,7,51,2,4,1
4733,48,Male,35,132.04,534.0,26.0,1,68,22,2,1
4734,38,Male,54,5738.94,113.0,11.0,6,30,0,11,1
4735,36,Female,54,1653.45,246.0,10.0,9,75,16,0,1
4736,20,Male,21,4122.35,101.0,18.0,5,13,12,23,1
4737,31,Male,42,6053.57,420.0,2.0,8,62,14,27,1
4738,42,Male,33,1400.72,6.0,27.0,2,48,49,17,1
4739,19,Male,14,5873.61,258.0,22.0,7,28,20,19,1
4740,32,Male,20,1096.69,42.0,28.0,1,71,29,8,1
4741,51,Female,29,6250.26,348.0,22.0,3,35,37,25,1
4742,49,Female,29,3274.59,59.0,8.0,4,46,0,29,1
4743,62,Female,56,2085.97,361.0,25.0,8,78,25,24,1
4744,50,Male,49,,267.0,0.0,9,64,27,4,1
4745,42,Female,45,4930.94,265.0,20.0,2,28,21,1,1
4746,23,Female,16,5045.87,388.0,1.0,2,29,16,8,1
4747,30,Male,40,798.16,199.0,14.0,5,71,14,15,1
4748,35,Male,0,6237.15,105.0,18.0,7,30,19,22,1
4749,58,Female,8,3425.38,35.0,3.0,8,9,41,16,0
4750,43,Male,45,2499.81,146.0,26.0,4,71,19,21,1
4751,64,Male,25,471.08,468.0,14.0,0,59,38,27,1
4752,20,Male,37,3722.82,134.0,16.0,4,71,8,11,1
4753,19,Female,47,1979.76,272.0,20.0,4,77,13,11,1
4754,37,Female,31,4917.34,131.0,19.0,5,36,9,24,1
4755,25,Female,28,1897.55,541.0,2.0,2,73,10,22,1
4756,60,Male,31,1629.74,45.0,0.0,4,8,38,1,1
4757,27,Male,21,4486.81,,23.0,5,5,20,21,1
4758,29,Male,16,1850.58,209.0,16.0,1,80,39,0,1
4759,44,Male,6,3166.54,366.0,8.0,7,4,38,23,0
4760,49,Male,0,5466.53,250.0,20.0,0,84,22,29,1
4761,63,Male,58,2391.53,58.0,24.0,5,17,37,20,1
4762,25,Female,58,1000.35,370.0,24.0,4,8,45,29,1
4763,60,Female,56,4436.49,432.0,16.0,7,76,36,25,1
4764,23,Male,19,5227.63,330.0,14.0,4,29,48,13,1
4765,22,Female,55,1588.0,242.0,10.0,3,58,43,17,1
4766,55,Male,26,1168.83,403.0,25.0,6,51,8,15,1
4767,35,Male,38,718.82,370.0,0.0,6,27,8,22,1
4768,63,Female,53,3619.23,580.0,27.0,3,49,21,0,1
4769,40,Male,47,2657.3,509.0,3.0,7,58,36,4,1
4770,19,Male,40,5100.37,548.0,28.0,6,7,30,28,1
4771,60,Male,42,5412.67,316.0,4.0,1,31,7,12,1
4772,48,Male,52,5201.43,256.0,28.0,3,60,22,8,1
4773,47,Male,13,3044.91,327.0,28.0,5,83,31,21,0
4774,28,Male,43,4808.39,261.0,11.0,2,46,3,27,1
4775,39,Female,34,4441.78,228.0,10.0,2,77,16,11,1
4776,19,Male,6,3339.36,183.0,3.0,0,47,49,2,1
4777,50,Female,48,5911.85,238.0,29.0,0,59,16,18,1
4778,21,Male,32,3384.1,206.0,0.0,0,71,44,18,1
4779,30,Male,51,1895.01,376.0,0.0,2,76,39,25,1
4780,44,Female,21,2695.35,326.0,2.0,8,12,35,13,0
4781,58,Female,53,2147.57,185.0,17.0,3,46,46,29,1
4782,64,Female,16,1314.64,189.0,11.0,6,79,10,22,0
4783,56,Female,33,5067.39,331.0,7.0,2,45,11,7,1
4784,42,Female,21,2713.34,596.0,22.0,6,55,3,18,1
4785,51,Female,19,6638.52,353.0,24.0,3,58,46,20,1
4786,24,Male,15,180.4,475.0,15.0,2,82,30,6,1
4787,64,Female,18,4244.67,435.0,4.0,9,15,37,15,1
4788,31,Female,50,4896.43,287.0,2.0,5,58,37,13,1
4789,26,Male,24,5375.7,115.0,17.0,3,84,16,5,1
4790,53,Female,27,953.34,350.0,11.0,8,22,20,11,1
4791,59,Female,54,5919.83,376.0,22.0,8,63,10,16,1
4792,22,Male,5,582.82,264.0,9.0,6,74,2,17,0
4793,26,Male,9,4738.21,263.0,8.0,2,23,48,24,1
4794,56,Female,10,2926.59,208.0,22.0,9,18,16,7,0
4795,32,Female,2,5598.11,144.0,8.0,0,62,44,27,1
4796,18,Male,43,3738.76,288.0,27.0,4,64,41,22,1
4797,23,Male,42,390.57,23.0,13.0,1,27,7,18,1
4798,34,Female,1,594.92,465.0,14.0,6,87,0,6,0
4799,19,Female,27,4794.69,76.0,,2,35,35,1,1
4800,35,Male,59,6526.41,194.0,12.0,5,44,37,27,1
4801,46,Male,56,3314.46,209.0,1.0,1,74,49,16,1
4802,20,Male,20,3719.82,93.0,29.0,5,4,43,14,0
4803,39,Female,41,1249.27,220.0,0.0,4,65,22,25,1
4804,25,Female,11,3035.14,250.0,25.0,4,73,1,6,0
4805,45,Female,2,786.45,92.0,1.0,2,32,9,3,1
4806,37,Female,87,707.17,238.0,,4,41,43,27,1
4807,27,Female,27,995.79,,11.0,3,6,27,14,1
4808,48,Female,59,4429.23,119.0,16.0,8,2,13,29,1
4809,21,Male,14,4865.81,506.0,2.0,1,50,10,21,1
4810,26,Male,43,2866.47,521.0,,2,82,31,9,1
4811,42,Female,56,5335.24,366.0,11.0,1,43,32,22,1
4812,22,Female,31,5184.35,61.0,17.0,7,73,24,18,1
4813,40,Female,26,5593.33,549.0,12.0,0,57,45,20,1
4814,43,Female,17,3910.93,180.0,,2,64,23,3,1
4815,55,Male,17,6447.43,361.0,0.0,1,42,48,19,1
4816,49,Female,11,5130.96,552.0,3.0,8,30,11,3,1
4817,51,Male,60,3062.99,442.0,,2,61,16,22,1
4818,37,Female,44,5513.16,181.0,14.0,6,70,30,17,1
4819,45,Male,23,3419.66,311.0,18.0,5,7,5,27,0
4820,24,Male,42,3584.96,125.0,7.0,9,36,32,6,1
4821,50,Female,15,6278.4,145.0,27.0,9,35,41,18,1
4822,40,Male,37,4874.01,451.0,29.0,2,1,33,28,1
4823,18,Female,13,2480.05,111.0,25.0,0,72,9,12,1
4824,58,Male,43,2532.02,,21.0,5,59,37,12,1
4825,27,Male,59,4428.55,7.0,29.0,0,32,7,21,1
4826,53,Female,25,3424.16,107.0,3.0,4,36,25,12,0
4827,47,Male,58,2706.34,297.0,28.0,8,11,2,24,1
4828,29,Female,21,1094.69,594.0,22.0,6,30,45,5,1
4829,45,Female,59,2458.76,16.0,0.0,5,27,48,15,1
4830,57,Female,52,2832.15,508.0,28.0,3,19,43,16,1
4831,58,Female,3,4738.69,,,6,7,48,1,1
4832,38,Male,29,2005.02,171.0,14.0,7,45,15,21,1
4833,59,Male,53,2886.02,516.0,17.0,8,10,1,10,1
4834,46,Female,51,192.26,33.0,9.0,4,80,28,4,1
4835,58,Female,2,306.57,121.0,16.0,0,39,28,12,1
4836,56,Female,36,3641.6,590.0,12.0,8,43,31,15,1
4837,35,Female,13,4535.87,,16.0,6,49,0,21,1
4838,20,Male,56,4799.72,441.0,21.0,1,4,40,14,1
4839,28,Male,36,123.13,466.0,3.0,3,55,32,25,1
4840,30,Male,1,379.54,285.0,11.0,7,50,16,15,0
4841,21,Female,33,1262.65,119.0,27.0,4,45,35,4,1
4842,26,Female,3,5971.25,480.0,27.0,5,4,8,10,1
4843,64,Male,32,2546.69,199.0,18.0,0,19,21,1,1
4844,58,Female,21,5526.49,196.0,3.0,2,56,0,13,1
4845,27,Female,144,3853.11,260.0,5.0,3,76,24,22,1
4846,28,Female,37,1450.55,332.0,23.0,4,86,32,24,1
4847,47,Female,22,3327.45,498.0,12.0,9,81,39,23,0
4848,52,Female,33,5273.04,253.0,4.0,4,56,13,4,1
4849,45,Male,50,4299.68,186.0,14.0,3,64,34,22,1
4850,47,Female,7,2462.67,575.0,2.0,4,32,24,28,1
4851,31,Male,54,5357.31,391.0,28.0,0,82,10,22,1
4852,49,Female,5,3990.76,117.0,6.0,6,59,34,20,0
4853,21,Male,35,2908.3,76.0,2.0,8,80,6,19,1
4854,38,Male,24,7800.34,479.0,28.0,6,3,14,15,0
4855,45,Male,26,3267.01,323.0,20.0,4,85,4,4,1
4856,23,Male,47,6609.79,446.0,5.0,8,9,21,0,1
4857,57,Male,30,1017.64,250.0,1.0,4,0,18,24,1
4858,38,Male,0,3905.77,360.0,20.0,6,73,7,12,0
4859,56,Male,6,771.34,503.0,28.0,8,23,26,7,1
4860,46,Male,13,6161.26,90.0,0.0,3,36,31,21,1
4861,48,Female,25,6102.4,27.0,6.0,7,43,37,16,1
4862,49,Male,55,1903.59,403.0,16.0,3,57,29,26,1
4863,20,Male,58,6365.18,258.0,17.0,7,26,7,15,1
4864,19,Female,56,5177.17,314.0,6.0,3,61,6,14,1
4865,24,Male,22,1496.45,290.0,25.0,4,32,43,5,0
4866,48,Female,43,6171.4,132.0,10.0,3,70,46,29,1
4867,59,Female,17,5986.76,230.0,26.0,0,22,33,10,1
4868,52,Male,16,3115.88,327.0,4.0,5,86,11,23,0
4869,31,Female,39,5036.5,91.0,20.0,5,20,45,13,1
4870,48,Female,27,497.84,382.0,1.0,7,46,17,7,1
4871,27,Male,7,3468.45,292.0,27.0,1,50,2,14,1
4872,45,Male,28,2223.84,527.0,3.0,2,17,12,5,1
4873,59,Female,46,1136.37,411.0,3.0,7,17,28,12,1
4874,53,Male,38,1209.35,323.0,4.0,8,49,43,2,1
4875,37,Female,43,1221.53,40.0,26.0,0,66,46,14,1
4876,39,Female,53,,193.0,,0,85,5,17,1
4877,57,Female,21,3336.24,262.0,10.0,9,66,49,14,0
4878,52,Male,32,910.38,463.0,9.0,2,73,37,10,1
4879,28,Female,26,,597.0,7.0,9,14,15,0,1
4880,49,Female,38,2745.22,74.0,3.0,5,31,0,3,1
4881,31,Female,43,6233.76,545.0,12.0,3,83,11,17,1
4882,60,Female,21,3619.98,432.0,10.0,0,35,4,3,1
4883,64,Female,45,6310.94,235.0,10.0,6,48,14,21,1
4884,52,Male,20,4712.68,304.0,7.0,7,35,24,8,1
4885,37,Female,24,5271.04,228.0,13.0,8,17,21,12,0
4886,18,Male,8,4838.15,,17.0,8,51,33,29,1
4887,45,Female,47,3621.2,26.0,16.0,9,85,29,15,1
4888,44,Male,59,4840.36,480.0,23.0,7,43,46,1,1
4889,45,Female,54,6006.51,147.0,12.0,0,28,28,18,1
4890,19,Male,54,4732.68,211.0,12.0,7,37,38,12,1
4891,39,Male,50,2365.66,156.0,0.0,7,10,14,6,1
4892,24,Male,40,5375.15,325.0,3.0,5,80,34,1,1
4893,62,Female,38,5592.99,473.0,22.0,3,9,41,11,1
4894,31,Male,51,2534.68,232.0,1.0,7,12,36,16,1
4895,59,Male,39,1667.35,470.0,21.0,1,28,28,16,1
4896,55,Female,13,4451.63,582.0,11.0,4,30,35,23,1
4897,54,Female,18,11878.24,311.0,19.0,4,32,22,24,1
4898,51,Female,22,2576.94,199.0,4.0,9,70,40,25,0
4899,27,Male,29,6734.04,255.0,4.0,5,17,14,8,1
4900,57,Male,52,2136.09,43.0,24.0,6,15,6,5,1
4901,45,Female,5,5368.21,90.0,2.0,8,66,0,23,1
4902,37,Male,53,6227.39,262.0,23.0,7,76,34,20,1
4903,55,Male,46,904.26,81.0,7.0,0,6,40,26,1
4904,21,Female,57,6679.48,377.0,29.0,0,30,9,28,1
4905,30,Female,30,3327.42,452.0,29.0,4,51,22,7,1
4906,22,Male,37,5203.4,130.0,16.0,4,16,41,17,1
4907,38,Female,36,805.71,307.0,21.0,4,50,6,17,1
4908,62,Male,36,99.73,291.0,26.0,7,54,18,9,1
4909,26,Female,11,5942.66,591.0,8.0,1,28,43,6,1
4910,54,Male,42,1987.73,223.0,5.0,8,72,35,14,1
4911,46,Female,37,6688.86,196.0,23.0,4,55,45,19,1
4912,28,Male,1,434.74,426.0,25.0,0,64,35,27,1
4913,31,Male,53,6878.47,219.0,26.0,1,54,16,1,1
4914,20,Female,6,1147.96,504.0,28.0,8,44,26,7,1
4915,64,Female,22,6999.89,130.0,8.0,7,72,30,15,1
4916,59,Male,2,397.43,107.0,1.0,9,39,22,29,0
4917,40,Male,52,3000.25,527.0,20.0,0,60,13,29,1
4918,55,Female,14,3631.27,26.0,16.0,6,48,48,28,0
4919,32,Female,32,754.59,455.0,6.0,5,50,4,22,1
4920,45,Male,40,4865.57,205.0,27.0,0,17,18,25,1
4921,27,Male,35,2790.45,93.0,23.0,7,9,12,2,1
4922,23,Female,16,5427.99,68.0,22.0,0,42,35,7,1
4923,32,Male,25,2397.13,586.0,8.0,4,85,9,6,1
4924,30,Male,69,2736.24,77.0,16.0,7,76,31,18,0
4925,45,Female,7,6760.29,520.0,18.0,3,7,6,2,1
4926,40,Female,31,2991.67,148.0,23.0,2,41,49,28,1
4927,29,Female,25,5732.63,394.0,20.0,6,48,10,29,1
4928,34,Female,9,2508.2,404.0,16.0,7,59,10,13,0
4929,37,Female,8,5177.69,421.0,16.0,3,64,8,29,1
4930,35,Male,57,,297.0,22.0,5,84,44,21,1
4931,51,Male,22,3823.56,275.0,26.0,6,66,9,4,0
4932,35,Female,52,2956.93,145.0,8.0,8,46,40,7,1
4933,39,Male,12,3985.62,321.0,27.0,9,24,30,2,0
4934,35,Male,3,4736.56,457.0,25.0,4,25,18,22,1
4935,54,Female,19,3501.45,285.0,23.0,6,62,26,21,0
4936,40,Female,51,828.53,416.0,9.0,9,50,39,20,1
4937,32,Female,48,1841.38,119.0,3.0,3,54,43,15,1
4938,37,Female,57,3428.95,410.0,2.0,9,38,37,12,1
4939,40,Male,18,3305.35,549.0,22.0,7,24,0,27,1
4940,59,Female,46,2269.48,205.0,6.0,5,26,37,16,1
4941,61,Female,4,6405.49,504.0,29.0,6,71,2,18,1
4942,59,Male,9,,382.0,9.0,6,11,42,5,0
4943,49,Female,14,6850.83,,2.0,7,88,46,16,1
4944,40,Male,43,1886.23,148.0,16.0,0,74,48,21,1
4945,38,Female,24,4383.44,549.0,10.0,0,71,36,1,1
4946,20,Female,25,,296.0,28.0,7,18,22,14,1
4947,22,Female,6,5460.35,157.0,22.0,6,84,3,23,1
4948,37,Male,93,5612.1,403.0,15.0,6,56,46,8,1
4949,21,Male,50,2942.06,348.0,17.0,1,14,1,11,1
4950,40,Male,37,1569.73,499.0,12.0,7,62,18,23,1
4951,36,Male,19,400.07,572.0,21.0,5,30,34,18,1
4952,28,Female,21,2393.29,562.0,17.0,0,75,36,21,1
4953,42,Female,20,6255.28,297.0,18.0,9,24,10,26,1
4954,51,Male,8,479.62,256.0,13.0,4,66,37,1,0
4955,64,Female,48,6049.71,207.0,25.0,3,57,38,26,1
4956,44,Male,44,4898.78,151.0,19.0,3,75,16,3,1
4957,59,Male,27,3959.22,79.0,8.0,7,7,2,11,1
4958,59,Male,15,6262.14,88.0,24.0,1,18,8,26,1
4959,20,Female,39,110.33,151.0,25.0,7,29,47,15,1
4960,26,Male,20,4811.64,298.0,19.0,0,81,20,19,1
4961,32,Male,31,2633.83,79.0,16.0,3,85,9,12,1
4962,28,Male,47,1979.57,592.0,13.0,3,17,20,21,1
4963,31,Female,47,6545.14,139.0,8.0,7,85,24,3,1
4964,42,Male,33,351.69,260.0,24.0,6,54,23,1,1
4965,54,Female,27,1611.52,131.0,8.0,9,51,30,22,1
4966,61,Female,31,1695.54,441.0,12.0,3,43,24,24,1
4967,23,Female,47,967.56,315.0,10.0,3,56,34,13,1
4968,27,Female,37,1759.84,258.0,17.0,3,39,37,29,1
4969,22,Male,30,3013.37,184.0,2.0,7,49,19,15,1
4970,59,Male,11,2164.09,373.0,8.0,8,86,22,9,0
4971,18,Male,0,907.91,416.0,4.0,4,80,1,23,0
4972,23,Male,5,4573.55,,7.0,8,34,37,20,1
4973,40,Male,52,,322.0,11.0,0,8,37,18,1
4974,47,Female,23,5863.2,474.0,23.0,3,53,1,1,1
4975,64,Female,14,3941.18,310.0,25.0,7,22,0,11,0
4976,41,Female,16,4731.49,480.0,11.0,7,82,31,20,1
4977,27,Female,1,1511.38,419.0,29.0,7,23,12,6,0
4978,22,Female,46,5717.24,309.0,19.0,0,55,6,24,1
4979,21,Male,6,955.58,158.0,1.0,8,30,27,0,0
4980,41,Male,29,1018.56,182.0,16.0,5,15,19,0,1
4981,61,Female,22,4993.03,31.0,8.0,5,32,46,3,1
4982,33,Male,11,575.06,553.0,23.0,8,48,31,13,1
4983,18,Female,25,4832.22,354.0,29.0,8,14,3,23,1
4984,35,Female,6,,207.0,12.0,2,70,27,16,1
4985,30,Male,41,513.42,,2.0,1,7,40,12,1
4986,58,Female,39,3898.48,497.0,1.0,3,2,40,5,1
4987,63,Male,43,6335.63,270.0,6.0,7,63,34,22,1
4988,53,Female,46,1844.02,581.0,20.0,9,0,28,6,1
4989,25,Female,42,4915.38,213.0,19.0,9,76,13,20,1
4990,63,Female,33,2540.78,441.0,9.0,7,21,27,18,0
4991,27,Female,15,6568.51,183.0,26.0,1,82,1,20,1
4992,41,Female,24,4466.14,559.0,17.0,2,50,9,9,1
4993,23,Female,24,5666.87,384.0,9.0,3,66,27,15,1
4994,29,Female,55,4468.68,506.0,10.0,5,7,26,15,1
4995,48,Female,17,973.69,533.0,5.0,2,28,9,15,1
4996,41,Male,45,71.09,136.0,18.0,5,62,40,18,1
4997,18,Female,5,2644.99,229.0,21.0,2,12,26,18,1
4998,28,Female,1,3427.97,451.0,4.0,4,61,31,19,0
4999,56,Female,10,1840.68,91.0,16.0,4,61,26,10,0
5000,37,Female,20,500.05,475.0,6.0,7,22,22,11,0
